id,player_name,games,time,position,team_title,league,season,goals_90,xG_90,assists_90,xA_90,shots_90,key_passes_90,yellow_cards_90,red_cards_90,npg_90,npxG_90,xGChain_90,xGBuildup_90,jornada,jornada_num,fecha_descarga,data_source
11825,Abderrahmane Rebbach,11,526,M S,Alaves,La-Liga,2025-2026,0.0,0.21773248829457464,0.0,0.29310923558394264,2.5665399239543727,2.0532319391634983,0.5133079847908746,0.0,0.0,0.21773248829457464,0.3569835452752422,0.06581332435399408,Jornada_14,14,2025-12-04 15:13:25,laliga_latest
9280,Antonio Blanco,13,1123,M,Alaves,La-Liga,2025-2026,0.0,0.02503031817491258,0.0,0.01786193865967561,1.0418521816562778,0.40071237756010686,0.40071237756010686,0.0,0.0,0.02503031817491258,0.2982906807124456,0.2815719693069838,Jornada_14,14,2025-12-04 15:13:25,laliga_latest
6400,Antonio Martínez,14,903,F S,Alaves,La-Liga,2025-2026,0.19933554817275748,0.28532186826301176,0.09966777408637874,0.062027427544229456,2.292358803986711,0.29900332225913623,0.0,0.0,0.19933554817275748,0.28532186826301176,0.29695543729734186,0.10693217612233669,Jornada_14,14,2025-12-04 15:13:25,laliga_latest
6075,Antonio Sivera,14,1260,GK,Alaves,La-Liga,2025-2026,0.0,0.0,0.0,0.0,0.0,0.0,0.0,0.0,0.0,0.0,0.06857400819925326,0.06857400819925326,Jornada_14,14,2025-12-04 15:13:25,laliga_latest
13764,Calebe,9,335,D M S,Alaves,La-Liga,2025-2026,0.0,0.015463720617899239,0.0,0.08867535703996222,0.5373134328358209,1.8805970149253732,0.5373134328358209,0.0,0.0,0.015463720617899239,0.5108177392507223,0.4186337505703542,Jornada_14,14,2025-12-04 15:13:25,laliga_latest
5058,Carles Aleñá,14,840,F M S,Alaves,La-Liga,2025-2026,0.0,0.11158194140131984,0.3214285714285714,0.16765478662481265,1.2857142857142856,1.1785714285714286,0.0,0.0,0.0,0.11158194140131984,0.32454921385007246,0.1605756165060614,Jornada_14,14,2025-12-04 15:13:25,laliga_latest
12294,Carlos Vicente,14,844,F M S,Alaves,La-Liga,2025-2026,0.31990521327014215,0.30945373061267545,0.0,0.21320101293024585,0.7464454976303319,1.7061611374407584,0.1066350710900474,0.0,0.0,0.07167534847518703,0.2941343126933298,0.06283492878326591,Jornada_14,14,2025-12-04 15:13:25,laliga_latest
2308,Denis Suárez,12,566,M S,Alaves,La-Liga,2025-2026,0.15901060070671377,0.13971127428167068,0.0,0.08990040397791474,0.6360424028268551,1.431095406360424,0.4770318021201414,0.0,0.15901060070671377,0.13971127428167068,0.4538007677851949,0.3335384993942277,Jornada_14,14,2025-12-04 15:13:25,laliga_latest
13319,Facundo Garcés,6,540,D,Alaves,La-Liga,2025-2026,0.0,0.0220193532295525,0.0,0.0,0.8333333333333333,0.0,0.33333333333333337,0.0,0.0,0.0220193532295525,0.08023958497991164,0.07389187347143888,Jornada_14,14,2025-12-04 15:13:25,laliga_latest
5179,Jon Guridi,10,396,F M S,Alaves,La-Liga,2025-2026,0.0,0.1815765562721274,0.0,0.0,0.9090909090909092,0.0,0.0,0.0,0.0,0.1815765562721274,0.34996878440407186,0.1683922205120325,Jornada_14,14,2025-12-04 15:13:25,laliga_latest
8423,Jon Pacheco Dozagarat,8,601,D S,Alaves,La-Liga,2025-2026,0.0,0.010545210736166816,0.0,0.00925417896515121,0.1497504159733777,0.1497504159733777,0.2995008319467554,0.0,0.0,0.010545210736166816,0.10071733148269567,0.10071733148269567,Jornada_14,14,2025-12-04 15:13:25,laliga_latest
2280,Jonny,14,1246,D,Alaves,La-Liga,2025-2026,0.0,0.03347626565858411,0.0,0.027770124970790275,0.3611556982343499,0.6500802568218299,0.21669341894060995,0.0,0.0,0.03347626565858411,0.2805462904441892,0.24365912862779815,Jornada_14,14,2025-12-04 15:13:25,laliga_latest
1189,Lucas Boyé,10,733,F M S,Alaves,La-Liga,2025-2026,0.24556616643929058,0.31282255520070884,0.0,0.1799317845746895,2.578444747612551,1.718963165075034,0.0,0.12278308321964529,0.24556616643929058,0.31282255520070884,0.5491436997080402,0.13696618802530378,Jornada_14,14,2025-12-04 15:13:25,laliga_latest
10364,Nahuel Tenaglia,13,1170,D,Alaves,La-Liga,2025-2026,0.07692307692307693,0.08555304108617397,0.0,0.0014689041731449231,0.7692307692307693,0.07692307692307693,0.07692307692307693,0.0,0.07692307692307693,0.08555304108617397,0.14046930665007,0.1290865454536218,Jornada_14,14,2025-12-04 15:13:25,laliga_latest
10857,Pablo Ibáñez,14,765,M S,Alaves,La-Liga,2025-2026,0.11764705882352941,0.21893253495149753,0.0,0.03281587406116373,1.7647058823529411,0.5882352941176471,0.3529411764705882,0.0,0.11764705882352941,0.21893253495149753,0.25513845243874717,0.19136282275704777,Jornada_14,14,2025-12-04 15:13:25,laliga_latest
12207,Victor Parada,11,576,D S,Alaves,La-Liga,2025-2026,0.0,0.18554419351858087,0.15625,0.21156945833354254,0.78125,0.9375,0.46875,0.0,0.0,0.18554419351858087,0.39709372271318,0.2931248681852594,Jornada_14,14,2025-12-04 15:13:25,laliga_latest
13278,Youssef Lekhedim,10,667,D S,Alaves,La-Liga,2025-2026,0.0,0.05121502408135062,0.0,0.09636711876565728,0.8095952023988006,0.6746626686656672,0.2698650674662669,0.0,0.0,0.05121502408135062,0.31075068019229973,0.17961286323918574,Jornada_14,14,2025-12-04 15:13:25,laliga_latest
8948,Aitor Paredes,8,635,D S,Athletic Club,La-Liga,2025-2026,0.14173228346456693,0.1262035842134258,0.0,0.0,0.8503937007874016,0.0,0.14173228346456693,0.0,0.14173228346456693,0.1262035842134258,0.06817927317121834,0.06817927317121834,Jornada_14,14,2025-12-04 15:13:25,laliga_latest
13627,Alejandro Rego,10,313,M S,Athletic Club,La-Liga,2025-2026,0.2875399361022364,0.058248106378335926,0.0,0.07648128873338333,0.8626198083067093,1.1501597444089455,0.2875399361022364,0.0,0.2875399361022364,0.058248106378335926,0.26952838090757214,0.2193654776095582,Jornada_14,14,2025-12-04 15:13:25,laliga_latest
5091,Alex Berenguer,13,998,F M S,Athletic Club,La-Liga,2025-2026,0.0,0.23188004897298936,0.18036072144288576,0.2699491911323252,1.533066132264529,1.9839679358717437,0.18036072144288576,0.0,0.0,0.23188004897298936,0.5195302104125759,0.1777230856757245,Jornada_14,14,2025-12-04 15:13:25,laliga_latest
6325,Andoni Gorosabel,6,336,D S,Athletic Club,La-Liga,2025-2026,0.0,0.005549787310883384,0.26785714285714285,0.07771122119655564,0.26785714285714285,1.3392857142857142,0.26785714285714285,0.0,0.0,0.005549787310883384,0.33120298442164703,0.2766174590215087,Jornada_14,14,2025-12-04 15:13:25,laliga_latest
2498,Aymeric Laporte,10,830,D S,Athletic Club,La-Liga,2025-2026,0.0,0.020919243906097233,0.10843373493975905,0.030504633863288236,0.4337349397590362,0.10843373493975905,0.10843373493975905,0.0,0.0,0.020919243906097233,0.19635451944118526,0.1646804584033159,Jornada_14,14,2025-12-04 15:13:25,laliga_latest
6766,Dani Vivian,14,1232,D,Athletic Club,La-Liga,2025-2026,0.0,0.057858469496880255,0.0,0.052436676795606485,0.5113636363636364,0.21915584415584416,0.29220779220779225,0.07305194805194806,0.0,0.057858469496880255,0.18626161977987396,0.17673448520385987,Jornada_14,14,2025-12-04 15:13:25,laliga_latest
7020,Gorka Guruzeta,13,816,F M S,Athletic Club,La-Liga,2025-2026,0.11029411764705882,0.4035935768693247,0.0,0.14300875228774898,3.308823529411765,0.8823529411764706,0.11029411764705882,0.0,0.11029411764705882,0.4035935768693247,0.6681694130084532,0.20797044881071677,Jornada_14,14,2025-12-04 15:13:25,laliga_latest
9755,Inigo Ruiz de Galarreta,13,862,M S,Athletic Club,La-Liga,2025-2026,0.0,0.022783123859984416,0.0,0.06645574193370038,0.7308584686774942,0.4176334106728538,0.6264501160092807,0.0,0.0,0.022783123859984416,0.1751897062267892,0.15591575519944564,Jornada_14,14,2025-12-04 15:13:25,laliga_latest
2399,Iñaki Williams,9,681,F M S,Athletic Club,La-Liga,2025-2026,0.13215859030837004,0.36340407813829473,0.0,0.08328900151447052,2.511013215859031,0.7929515418502203,0.0,0.0,0.0,0.26517355707904844,0.3374822171905492,0.12049312567920936,Jornada_14,14,2025-12-04 15:13:25,laliga_latest
9768,Jesús Areso,12,779,D S,Athletic Club,La-Liga,2025-2026,0.0,0.003752638950503981,0.11553273427471115,0.08661426278608295,0.11553273427471115,1.0397946084724006,0.11553273427471115,0.0,0.0,0.003752638950503981,0.11657323941722302,0.07778129185309612,Jornada_14,14,2025-12-04 15:13:25,laliga_latest
12263,Mikel Jauregizar,15,1298,M,Athletic Club,La-Liga,2025-2026,0.06933744221879816,0.047048929639631316,0.0,0.05334354700299643,1.1787365177195686,0.6933744221879815,0.13867488443759632,0.0,0.06933744221879816,0.047048929639631316,0.2575834587830562,0.1812214794380731,Jornada_14,14,2025-12-04 15:13:25,laliga_latest
9211,Nico Williams,11,755,M S,Athletic Club,La-Liga,2025-2026,0.3576158940397351,0.3569366024029966,0.11920529801324503,0.3670732866454598,2.145695364238411,1.9072847682119205,0.0,0.0,0.23841059602649006,0.268333966368871,0.7885421393624205,0.21595209846828156,Jornada_14,14,2025-12-04 15:13:25,laliga_latest
7779,Oihan Sancet,10,702,M S,Athletic Club,La-Liga,2025-2026,0.12820512820512822,0.3420613892376423,0.0,0.0947674934585125,2.0512820512820515,1.6666666666666665,0.12820512820512822,0.12820512820512822,0.0,0.24676938517353475,0.24865510157094553,0.06129467024061925,Jornada_14,14,2025-12-04 15:13:25,laliga_latest
8765,Roberto Navarro,13,515,M S,Athletic Club,La-Liga,2025-2026,0.5242718446601942,0.31721935840775667,0.0,0.12260778631689478,1.5728155339805825,1.7475728155339805,0.17475728155339806,0.0,0.5242718446601942,0.31721935840775667,0.42485731174644914,0.18695779231566828,Jornada_14,14,2025-12-04 15:13:25,laliga_latest
5185,Unai Simón,15,1350,GK,Athletic Club,La-Liga,2025-2026,0.0,0.0,0.0,0.0,0.0,0.0,0.0,0.0,0.0,0.0,0.06642265034218629,0.06642265034218629,Jornada_14,14,2025-12-04 15:13:25,laliga_latest
2229,Yuri,14,1211,D S,Athletic Club,La-Liga,2025-2026,0.0,0.021488051361640458,0.0,0.03511280319741892,0.7431874483897605,0.6688687035507844,0.1486374896779521,0.0,0.0,0.021488051361640458,0.22042700277932117,0.19137997637040646,Jornada_14,14,2025-12-04 15:13:25,laliga_latest
6531,Alexander Sørloth,14,608,F S,Atletico Madrid,La-Liga,2025-2026,0.5921052631578947,0.6095439748299357,0.0,0.08061689710685689,3.108552631578948,0.888157894736842,0.29605263157894735,0.14802631578947367,0.5921052631578947,0.6095439748299357,0.5781382573370234,0.023923999014138976,Jornada_14,14,2025-12-04 15:13:25,laliga_latest
2270,Antoine Griezmann,15,570,F S,Atletico Madrid,La-Liga,2025-2026,0.631578947368421,0.626817741382279,0.0,0.2174157347334059,3.6315789473684212,2.0526315789473686,0.0,0.0,0.631578947368421,0.626817741382279,1.2119511412946802,0.4695857422132241,Jornada_14,14,2025-12-04 15:13:25,laliga_latest
5050,Clement Lenglet,8,669,D,Atletico Madrid,La-Liga,2025-2026,0.0,0.005052464391885847,0.0,0.009576476475583063,0.26905829596412556,0.40358744394618834,0.13452914798206278,0.13452914798206278,0.0,0.005052464391885847,0.42735566197155295,0.4254172948677711,Jornada_14,14,2025-12-04 15:13:25,laliga_latest
9040,Conor Gallagher,15,458,M S,Atletico Madrid,La-Liga,2025-2026,0.1965065502183406,0.14822455759538444,0.0,0.09284106632247242,1.5720524017467248,0.5895196506550218,0.1965065502183406,0.0,0.1965065502183406,0.14822455759538444,0.8173999902039896,0.5891944130467798,Jornada_14,14,2025-12-04 15:13:25,laliga_latest
7086,David Hancko,15,1182,D S,Atletico Madrid,La-Liga,2025-2026,0.0,0.0472405732037301,0.15228426395939085,0.14585817804758622,0.9137055837563451,0.6852791878172589,0.0,0.0,0.0,0.0472405732037301,0.5151595143119091,0.37228660241979633,Jornada_14,14,2025-12-04 15:13:25,laliga_latest
2278,Giménez,7,541,D S,Atletico Madrid,La-Liga,2025-2026,0.0,0.11944618998801201,0.0,0.0,1.1645101663585953,0.0,0.33271719038817005,0.0,0.0,0.11944618998801201,0.3775880372843769,0.3748234209919593,Jornada_14,14,2025-12-04 15:13:25,laliga_latest
9796,Giuliano Simeone,14,1031,F M S,Atletico Madrid,La-Liga,2025-2026,0.17458777885548013,0.30471172913634353,0.34917555771096026,0.2242449738237028,1.6585838991270612,1.0475266731328807,0.08729388942774007,0.0,0.17458777885548013,0.30471172913634353,0.7784944502447093,0.3149240266325749,Jornada_14,14,2025-12-04 15:13:25,laliga_latest
2261,Jan Oblak,14,1260,GK,Atletico Madrid,La-Liga,2025-2026,0.0,0.0,0.0,0.0,0.0,0.0,0.0,0.0,0.0,0.0,0.2183772051440818,0.2183772051440818,Jornada_14,14,2025-12-04 15:13:25,laliga_latest
10846,Julián Álvarez,15,1147,F S,Atletico Madrid,La-Liga,2025-2026,0.5492589363557105,0.5528941065228911,0.15693112467306017,0.3230648830455079,2.5108979947689627,2.275501307759372,0.15693112467306017,0.0,0.39232781168265035,0.37792901858466543,0.8626924765660853,0.3542584155823421,Jornada_14,14,2025-12-04 15:13:25,laliga_latest
2269,Koke,14,975,M S,Atletico Madrid,La-Liga,2025-2026,0.0,0.009851866673964722,0.18461538461538463,0.13446570279506537,0.27692307692307694,1.2000000000000002,0.27692307692307694,0.0,0.0,0.009851866673964722,0.5452802167488978,0.4848966873035982,Jornada_14,14,2025-12-04 15:13:25,laliga_latest
2518,Marcos Llorente,13,1093,D M,Atletico Madrid,La-Liga,2025-2026,0.0,0.10439074111715546,0.24702653247941445,0.2511584785343416,0.576395242451967,0.9057639524245197,0.24702653247941445,0.0,0.0,0.10439074111715546,0.7916517872175871,0.5585692103267098,Jornada_14,14,2025-12-04 15:13:25,laliga_latest
8872,Matteo Ruggeri,9,522,D S,Atletico Madrid,La-Liga,2025-2026,0.0,0.012232122364743,0.0,0.04231854374038762,0.3448275862068965,0.689655172413793,0.17241379310344826,0.0,0.0,0.012232122364743,0.6661489027841337,0.6454288458515858,Jornada_14,14,2025-12-04 15:13:25,laliga_latest
8963,Nahuel Molina,11,382,D S,Atletico Madrid,La-Liga,2025-2026,0.0,0.003512462196354762,0.23560209424083772,0.25420460796364003,0.23560209424083772,1.6492146596858637,0.23560209424083772,0.0,0.0,0.003512462196354762,0.8283591644926223,0.616384496746575,Jornada_14,14,2025-12-04 15:13:25,laliga_latest
7074,Nicolás González,12,801,D F M S,Atletico Madrid,La-Liga,2025-2026,0.11235955056179775,0.3068876178579384,0.0,0.14427401627717393,2.2471910112359548,0.5617977528089887,0.2247191011235955,0.0,0.11235955056179775,0.3068876178579384,0.6233044203077809,0.34879778145571777,Jornada_14,14,2025-12-04 15:13:25,laliga_latest
10494,Pablo Barrios Rivas,14,1069,M S,Atletico Madrid,La-Liga,2025-2026,0.08419083255378859,0.09193868685593887,0.0,0.07886687912207212,1.2628624883068287,0.8419083255378859,0.0,0.0,0.08419083255378859,0.09193868685593887,0.6363974770895224,0.5063968740396683,Jornada_14,14,2025-12-04 15:13:25,laliga_latest
7276,Robin Le Normand,10,888,D,Atletico Madrid,La-Liga,2025-2026,0.10135135135135136,0.11034669430070629,0.0,0.0,0.30405405405405406,0.0,0.20270270270270271,0.0,0.10135135135135136,0.11034669430070629,0.41564016282004684,0.4052700661752071,Jornada_14,14,2025-12-04 15:13:25,laliga_latest
13358,Thiago Almada,8,319,M S,Atletico Madrid,La-Liga,2025-2026,0.5642633228840125,0.4915255791621522,0.28213166144200624,0.3026813133196397,2.5391849529780566,1.974921630094044,0.0,0.0,0.5642633228840125,0.4915255791621522,1.107457044729992,0.47386055479415895,Jornada_14,14,2025-12-04 15:13:25,laliga_latest
8417,Álex Baena,10,578,M S,Atletico Madrid,La-Liga,2025-2026,0.31141868512110726,0.1536832500738978,0.15570934256055363,0.31107419528144453,1.5570934256055364,2.6470588235294117,0.31141868512110726,0.0,0.31141868512110726,0.1536832500738978,0.7989501746880554,0.4621762927995422,Jornada_14,14,2025-12-04 15:13:25,laliga_latest
200,Andreas Christensen,10,307,D S,Barcelona,La-Liga,2025-2026,0.0,0.03702350628201269,0.0,0.004653985390639827,0.5863192182410424,0.2931596091205212,0.2931596091205212,0.0,0.0,0.03702350628201269,0.589076197108539,0.5844222106257945,Jornada_14,14,2025-12-04 15:13:25,laliga_latest
8292,Dani Olmo,13,829,M S,Barcelona,La-Liga,2025-2026,0.43425814234016885,0.39863078930247825,0.21712907117008443,0.2594332270486004,3.474065138721351,2.605548854041013,0.0,0.0,0.43425814234016885,0.39863078930247825,1.061121965741651,0.5658816830204537,Jornada_14,14,2025-12-04 15:13:25,laliga_latest
8045,Eric Garcia,15,1152,D M S,Barcelona,La-Liga,2025-2026,0.078125,0.15429345046868545,0.0,0.06359796607284807,0.8593750000000001,1.25,0.0,0.0,0.078125,0.15429345046868545,0.8673243259545415,0.8199788990896195,Jornada_14,14,2025-12-04 15:13:25,laliga_latest
11822,Fermín López,9,551,M S,Barcelona,La-Liga,2025-2026,0.6533575317604355,0.3489410994868529,0.32667876588021777,0.4166576080362291,3.5934664246823957,1.633393829401089,0.16333938294010888,0.0,0.6533575317604355,0.3489410994868529,1.1550990515092756,0.5553127047749483,Jornada_14,14,2025-12-04 15:13:25,laliga_latest
6441,Ferrán Torres,14,863,F M S,Barcelona,La-Liga,2025-2026,0.8342989571263035,0.7285079560301948,0.10428736964078794,0.2077652125480139,3.337195828505214,1.5643105446118193,0.10428736964078794,0.0,0.8342989571263035,0.7285079560301948,1.1014044761381447,0.2239294900091609,Jornada_14,14,2025-12-04 15:13:25,laliga_latest
7781,Frenkie de Jong,10,826,M S,Barcelona,La-Liga,2025-2026,0.0,0.024701355399505274,0.2179176755447942,0.1543589564125994,0.3268765133171913,1.5254237288135593,0.1089588377723971,0.1089588377723971,0.0,0.024701355399505274,0.9265802105207708,0.821323173512991,Jornada_14,14,2025-12-04 15:13:25,laliga_latest
12821,Gerard Martín,13,675,D S,Barcelona,La-Liga,2025-2026,0.0,0.002200788507858907,0.0,0.06394717159370582,0.13333333333333333,0.9333333333333333,0.26666666666666666,0.0,0.0,0.002200788507858907,0.8090308544536432,0.7552709676325321,Jornada_14,14,2025-12-04 15:13:25,laliga_latest
9773,Joan García,9,810,GK,Barcelona,La-Liga,2025-2026,0.0,0.0,0.0,0.0,0.0,0.0,0.1111111111111111,0.0,0.0,0.0,0.4049222502443525,0.4049222502443525,Jornada_14,14,2025-12-04 15:13:25,laliga_latest
6433,Jules Koundé,14,964,D S,Barcelona,La-Liga,2025-2026,0.09336099585062241,0.04179570491568676,0.0,0.02848733502490392,0.46680497925311204,0.5601659751037344,0.18672199170124482,0.0,0.09336099585062241,0.04179570491568676,0.6526864417036415,0.6282226615720641,Jornada_14,14,2025-12-04 15:13:25,laliga_latest
11527,Lamine Yamal,11,906,F M S,Barcelona,La-Liga,2025-2026,0.49668874172185434,0.515731486510362,0.695364238410596,0.38130515680605215,5.066225165562914,1.9867549668874174,0.0,0.0,0.3973509933774834,0.44189596166279144,1.1273166939418837,0.5309205001454479,Jornada_14,14,2025-12-04 15:13:25,laliga_latest
11151,Marc Casadó,11,527,M S,Barcelona,La-Liga,2025-2026,0.0,0.04757943071877368,0.17077798861480076,0.055395190725968955,1.1954459203036054,1.366223908918406,0.0,0.0,0.0,0.04757943071877368,0.8945302485684516,0.8309404117954751,Jornada_14,14,2025-12-04 15:13:25,laliga_latest
556,Marcus Rashford,14,869,F M S,Barcelona,La-Liga,2025-2026,0.20713463751438435,0.35382212866290597,0.621403912543153,0.3353798192024437,4.2462600690448795,2.485615650172612,0.20713463751438435,0.0,0.20713463751438435,0.35382212866290597,0.8459644143815797,0.3776394293115177,Jornada_14,14,2025-12-04 15:13:25,laliga_latest
12005,Pau Cubarsí,11,972,D,Barcelona,La-Liga,2025-2026,0.0,0.025083028056003424,0.0,0.032853400679650126,0.3703703703703704,0.3703703703703704,0.0925925925925926,0.0,0.0,0.025083028056003424,0.7515962577114502,0.7515962577114502,Jornada_14,14,2025-12-04 15:13:25,laliga_latest
8935,Pedri,12,962,M S,Barcelona,La-Liga,2025-2026,0.18711018711018712,0.10523591359027828,0.18711018711018712,0.3056487168830175,1.1226611226611227,2.806652806652807,0.0,0.09355509355509356,0.18711018711018712,0.10523591359027828,1.0891366626858217,0.8232911110017255,Jornada_14,14,2025-12-04 15:13:25,laliga_latest
8026,Raphinha,9,547,F M S,Barcelona,La-Liga,2025-2026,0.6581352833638026,0.5667977313931616,0.4936014625228519,0.4034891523339086,3.9488117001828154,2.9616087751371114,0.3290676416819013,0.0,0.6581352833638026,0.5667977313931616,1.4923643063365652,0.6558587155568752,Jornada_14,14,2025-12-04 15:13:25,laliga_latest
227,Robert Lewandowski,12,634,F S,Barcelona,La-Liga,2025-2026,1.135646687697161,1.1885973614896133,0.14195583596214512,0.19832114057397993,4.400630914826499,0.8517350157728707,0.14195583596214512,0.0,0.9936908517350158,0.872059584674587,1.303488154798652,0.3556347173001112,Jornada_14,14,2025-12-04 15:13:25,laliga_latest
8091,Ronald Araújo,11,648,D S,Barcelona,La-Liga,2025-2026,0.2777777777777778,0.1059554677663578,0.0,0.006737534163726695,0.8333333333333333,0.1388888888888889,0.2777777777777778,0.0,0.2777777777777778,0.1059554677663578,0.4065556462026305,0.33461279132299954,Jornada_14,14,2025-12-04 15:13:25,laliga_latest
1244,Wojciech Szczesny,6,540,GK,Barcelona,La-Liga,2025-2026,0.0,0.0,0.0,0.0,0.0,0.0,0.0,0.0,0.0,0.0,0.37561786485215026,0.37561786485215026,Jornada_14,14,2025-12-04 15:13:25,laliga_latest
9805,Álex Balde,11,841,D S,Barcelona,La-Liga,2025-2026,0.0,0.020787914402065316,0.2140309155766944,0.1679997813226777,0.535077288941736,1.1771700356718193,0.1070154577883472,0.0,0.0,0.020787914402065316,0.7619577872607853,0.5853092141989862,Jornada_14,14,2025-12-04 15:13:25,laliga_latest
2543,Borja Iglesias,14,831,F S,Celta Vigo,La-Liga,2025-2026,0.5415162454873647,0.5095563686388925,0.21660649819494585,0.12004139137181993,2.3826714801444044,1.407942238267148,0.21660649819494585,0.0,0.4332129963898917,0.42905698896853073,0.6842116536807927,0.19424487766053267,Jornada_14,14,2025-12-04 15:13:25,laliga_latest
10143,Bryan Zaragoza,13,683,F S,Celta Vigo,La-Liga,2025-2026,0.0,0.09629552281225758,0.0,0.14530933706163485,2.240117130307467,1.3177159590043925,0.0,0.0,0.0,0.09629552281225758,0.5509951794697285,0.35363655481460243,Jornada_14,14,2025-12-04 15:13:25,laliga_latest
7655,Carl Starfelt,8,506,D S,Celta Vigo,La-Liga,2025-2026,0.0,0.05942342898591234,0.0,0.0,0.533596837944664,0.0,0.17786561264822134,0.17786561264822134,0.0,0.05942342898591234,0.3407353836409895,0.3407353836409895,Jornada_14,14,2025-12-04 15:13:25,laliga_latest
9519,Carlos Domínguez,6,425,D S,Celta Vigo,La-Liga,2025-2026,0.0,0.009082307622713188,0.0,0.006862247165511635,0.2117647058823529,0.2117647058823529,0.2117647058823529,0.0,0.0,0.009082307622713188,0.43637322485446917,0.4295109776889577,Jornada_14,14,2025-12-04 15:13:25,laliga_latest
8549,Ferrán Jutglà,11,606,F M S,Celta Vigo,La-Liga,2025-2026,0.297029702970297,0.2972377808119106,0.1485148514851485,0.1355083751501423,2.8217821782178216,1.188118811881188,0.297029702970297,0.0,0.297029702970297,0.2972377808119106,0.42041209111414335,0.19993359167682062,Jornada_14,14,2025-12-04 15:13:25,laliga_latest
6931,Fran Beltrán,8,469,M S,Celta Vigo,La-Liga,2025-2026,0.0,0.06501205444240621,0.0,0.018424152343003722,1.1513859275053304,0.19189765458422176,0.0,0.0,0.0,0.06501205444240621,0.3811225759933817,0.33866445295639763,Jornada_14,14,2025-12-04 15:13:25,laliga_latest
9520,Hugo Sotelo,11,715,M S,Celta Vigo,La-Liga,2025-2026,0.0,0.011288909905857139,0.1258741258741259,0.1642838496897187,0.2517482517482518,1.8881118881118881,0.1258741258741259,0.0,0.0,0.011288909905857139,0.5274928039187319,0.4678024398749109,Jornada_14,14,2025-12-04 15:13:25,laliga_latest
10078,Hugo Álvarez,7,336,D F S,Celta Vigo,La-Liga,2025-2026,0.26785714285714285,0.013835697235273448,0.0,0.053364357445389025,0.26785714285714285,1.607142857142857,0.0,0.0,0.26785714285714285,0.013835697235273448,0.3487322506095682,0.29536788218787735,Jornada_14,14,2025-12-04 15:13:25,laliga_latest
2290,Iago Aspas,12,538,F M S,Celta Vigo,La-Liga,2025-2026,0.33457249070631967,0.4079403657272292,0.16728624535315983,0.1887666380386038,2.1747211895910783,2.6765799256505574,0.16728624535315983,0.0,0.16728624535315983,0.28360024520427984,0.7472449843512092,0.33802170415502386,Jornada_14,14,2025-12-04 15:13:25,laliga_latest
9243,Ilaix Moriba,14,910,M S,Celta Vigo,La-Liga,2025-2026,0.0,0.036942760736405185,0.0989010989010989,0.11639930438864361,0.989010989010989,0.989010989010989,0.0989010989010989,0.0,0.0,0.036942760736405185,0.39010131648731433,0.25280519292413534,Jornada_14,14,2025-12-04 15:13:25,laliga_latest
1830,Ionut Radu,14,1260,GK,Celta Vigo,La-Liga,2025-2026,0.0,0.0,0.0,0.0,0.0,0.0,0.0,0.0,0.0,0.0,0.17255695164203644,0.17255695164203644,Jornada_14,14,2025-12-04 15:13:25,laliga_latest
12180,Javier Rodríguez,12,876,D S,Celta Vigo,La-Liga,2025-2026,0.0,0.01789808758113482,0.0,0.011783206471790588,0.2054794520547945,0.5136986301369862,0.2054794520547945,0.0,0.0,0.01789808758113482,0.3266394367020526,0.3193712572898869,Jornada_14,14,2025-12-04 15:13:25,laliga_latest
12643,Javier Rueda,9,507,D S,Celta Vigo,La-Liga,2025-2026,0.1775147928994083,0.0860640277656225,0.3550295857988166,0.2586728924080818,0.8875739644970414,0.7100591715976332,0.5325443786982248,0.0,0.1775147928994083,0.0860640277656225,0.43661993525966386,0.3711559555146116,Jornada_14,14,2025-12-04 15:13:25,laliga_latest
13787,Manuel Fernández,7,484,D S,Celta Vigo,La-Liga,2025-2026,0.0,0.007822240379538898,0.0,0.0,0.371900826446281,0.0,0.1859504132231405,0.0,0.0,0.007822240379538898,0.45003110481318365,0.44220887447807417,Jornada_14,14,2025-12-04 15:13:25,laliga_latest
1621,Marcos Alonso,11,901,D S,Celta Vigo,La-Liga,2025-2026,0.0,0.037703914268068406,0.0,0.028276987597098225,0.7991120976692564,0.3995560488346282,0.1997780244173141,0.0,0.0,0.037703914268068406,0.3916934768480148,0.3828030732872748,Jornada_14,14,2025-12-04 15:13:25,laliga_latest
11154,Pablo Durán,12,599,F M S,Celta Vigo,La-Liga,2025-2026,0.3005008347245409,0.2620406919944167,0.0,0.005689589975274262,2.1035058430717863,0.15025041736227046,0.0,0.0,0.3005008347245409,0.2620406919944167,0.2861622155011198,0.037749741173571646,Jornada_14,14,2025-12-04 15:13:25,laliga_latest
8122,Sergio Carreira,11,986,D,Celta Vigo,La-Liga,2025-2026,0.09127789046653144,0.049358599915586665,0.09127789046653144,0.016024915480695318,0.5476673427991886,0.36511156186612576,0.09127789046653144,0.0,0.09127789046653144,0.049358599915586665,0.45313673766431894,0.3960901534687312,Jornada_14,14,2025-12-04 15:13:25,laliga_latest
12642,Yoel Lago,4,340,D,Celta Vigo,La-Liga,2025-2026,0.0,0.0,0.0,0.006469374741701506,0.0,0.2647058823529412,0.5294117647058824,0.0,0.0,0.0,0.26008199166287393,0.25361261692117243,Jornada_14,14,2025-12-04 15:13:25,laliga_latest
9011,Óscar Mingueza,12,698,D S,Celta Vigo,La-Liga,2025-2026,0.12893982808022922,0.039406522740223,0.25787965616045844,0.3089739719304366,0.9025787965616047,1.9340974212034383,0.12893982808022922,0.0,0.12893982808022922,0.039406522740223,0.645577910177431,0.4737450169095165,Jornada_14,14,2025-12-04 15:13:25,laliga_latest
7842,Aleix Febas,14,1260,M,Elche,La-Liga,2025-2026,0.07142857142857142,0.0883369840947645,0.0,0.055455442917134085,0.6428571428571428,0.9285714285714286,0.14285714285714285,0.0,0.07142857142857142,0.0883369840947645,0.5003446488242064,0.41859929968736,Jornada_14,14,2025-12-04 15:13:25,laliga_latest
11186,Alvaro Rodríguez,12,645,F S,Elche,La-Liga,2025-2026,0.27906976744186046,0.44002820126885595,0.27906976744186046,0.13144416396701059,3.0697674418604652,1.5348837209302326,0.0,0.0,0.27906976744186046,0.44002820126885595,0.5184886230285778,0.10644854509899783,Jornada_14,14,2025-12-04 15:13:25,laliga_latest
6170,André Silva,13,767,F S,Elche,La-Liga,2025-2026,0.469361147327249,0.4369103905260369,0.0,0.134255206977373,2.5814863102998693,1.6427640156453716,0.0,0.0,0.469361147327249,0.4369103905260369,0.6558467245708078,0.12073642723602294,Jornada_14,14,2025-12-04 15:13:25,laliga_latest
13837,David Affengruber,13,1110,D S,Elche,La-Liga,2025-2026,0.0,0.004891911571895748,0.0,0.016656680485686737,0.08108108108108109,0.24324324324324326,0.32432432432432434,0.08108108108108109,0.0,0.004891911571895748,0.3458701788976386,0.3297111478609008,Jornada_14,14,2025-12-04 15:13:25,laliga_latest
8230,German Valera,13,942,D F M S,Elche,La-Liga,2025-2026,0.09554140127388534,0.07801983280071786,0.19108280254777069,0.1848978609748327,0.8598726114649681,1.3375796178343948,0.09554140127388534,0.0,0.09554140127388534,0.07801983280071786,0.3790600259734946,0.28773113788597904,Jornada_14,14,2025-12-04 15:13:25,laliga_latest
7287,Iñaki Peña,8,720,GK,Elche,La-Liga,2025-2026,0.0,0.0,0.0,0.004799980670213687,0.0,0.125,0.0,0.0,0.0,0.0,0.14305911352857947,0.13825912913307548,Jornada_14,14,2025-12-04 15:13:25,laliga_latest
7574,Leo Petrot,13,428,D S,Elche,La-Liga,2025-2026,0.0,0.015159204567425713,0.0,0.005293896064928201,0.2102803738317757,0.2102803738317757,0.0,0.0,0.0,0.015159204567425713,0.16783780966685197,0.14738470942617576,Jornada_14,14,2025-12-04 15:13:25,laliga_latest
13839,Marc Aguado,13,844,M S,Elche,La-Liga,2025-2026,0.0,0.0063305551195031624,0.0,0.002829377358487994,0.1066350710900474,0.1066350710900474,0.1066350710900474,0.0,0.0,0.0063305551195031624,0.16556859298904925,0.16273921563056123,Jornada_14,14,2025-12-04 15:13:25,laliga_latest
13840,Martim Neto,11,539,M S,Elche,La-Liga,2025-2026,0.0,0.05421510920039134,0.5009276437847866,0.2522066338523421,1.168831168831169,1.3358070500927643,0.16697588126159554,0.0,0.0,0.05421510920039134,0.4168886647098361,0.31058103281569177,Jornada_14,14,2025-12-04 15:13:25,laliga_latest
9793,Matías Dituro,6,540,GK,Elche,La-Liga,2025-2026,0.0,0.0,0.0,0.012874923646450032,0.0,0.16666666666666669,0.16666666666666669,0.0,0.0,0.0,0.30980099923908705,0.29692607807616395,Jornada_14,14,2025-12-04 15:13:25,laliga_latest
2353,Pedro Bigas,10,857,D,Elche,La-Liga,2025-2026,0.0,0.013737271875664673,0.10501750291715285,0.015153523030296368,0.31505250875145857,0.31505250875145857,0.10501750291715285,0.0,0.0,0.013737271875664673,0.3915114043978159,0.377784384460196,Jornada_14,14,2025-12-04 15:13:25,laliga_latest
2589,Rafa Mir,14,985,F M S,Elche,La-Liga,2025-2026,0.3654822335025381,0.3597255681031549,0.0,0.024998807343583413,3.3807106598984773,0.3654822335025381,0.09137055837563453,0.0,0.3654822335025381,0.29182356798331144,0.38177416116226137,0.084963592932309,Jornada_14,14,2025-12-04 15:13:25,laliga_latest
11216,Rodrigo Mendoza,10,587,F M S,Elche,La-Liga,2025-2026,0.15332197614991483,0.08052452624453393,0.0,0.0701932925445359,1.3798977853492334,1.2265758091993186,0.45996592844974443,0.0,0.15332197614991483,0.08052452624453393,0.3380565817770906,0.24485655458964523,Jornada_14,14,2025-12-04 15:13:25,laliga_latest
8972,Victor Chust,10,681,D S,Elche,La-Liga,2025-2026,0.0,0.03810777012997262,0.0,0.006463450958156365,0.39647577092511016,0.2643171806167401,0.39647577092511016,0.13215859030837004,0.0,0.03810777012997262,0.16351955290473505,0.16351955290473505,Jornada_14,14,2025-12-04 15:13:25,laliga_latest
13836,Álvaro Núñez,14,1259,D M,Elche,La-Liga,2025-2026,0.0,0.002394229724020873,0.14297061159650515,0.10301577300129192,0.14297061159650515,0.9293089753772835,0.07148530579825257,0.0,0.0,0.002394229724020873,0.4125588038837134,0.3743263505209856,Jornada_14,14,2025-12-04 15:13:25,laliga_latest
7174,Adrià Pedrosa,10,464,D S,"Elche,Sevilla",La-Liga,2025-2026,0.1939655172413793,0.10690739081273305,0.0,0.2250096673980869,1.5517241379310345,2.90948275862069,0.5818965517241379,0.0,0.1939655172413793,0.10690739081273305,0.6787732286892574,0.40168191587295515,Jornada_14,14,2025-12-04 15:13:25,laliga_latest
11402,Carlos Romero,13,1152,D,Espanyol,La-Liga,2025-2026,0.15625,0.10835675275302492,0.15625,0.14954473765101284,0.9375,1.015625,0.078125,0.0,0.15625,0.10835675275302492,0.35895227134460583,0.20673437800724065,Jornada_14,14,2025-12-04 15:13:25,laliga_latest
11924,Clemens Riedel,7,507,D S,Espanyol,La-Liga,2025-2026,0.0,0.019307487462399266,0.1775147928994083,0.009110601696036976,0.5325443786982248,0.1775147928994083,0.1775147928994083,0.0,0.0,0.019307487462399266,0.3001672659928982,0.28856337379069014,Jornada_14,14,2025-12-04 15:13:25,laliga_latest
5081,Edu Expósito,13,907,M S,Espanyol,La-Liga,2025-2026,0.0,0.0774686864105925,0.39691289966923926,0.38013356083710376,1.3891951488423373,2.9768467475192946,0.29768467475192945,0.0,0.0,0.0774686864105925,0.5160992729345125,0.39281449057860046,Jornada_14,14,2025-12-04 15:13:25,laliga_latest
6916,Fernando Calero,10,749,D S,Espanyol,La-Liga,2025-2026,0.0,0.09371727018633258,0.0,0.002915520912337206,0.3604806408544727,0.12016021361815754,0.24032042723631508,0.0,0.0,0.09371727018633258,0.17943886410847842,0.16294916591871883,Jornada_14,14,2025-12-04 15:13:25,laliga_latest
6933,Javi Puado,8,679,F M,Espanyol,La-Liga,2025-2026,0.2650957290132548,0.6413951768116019,0.0,0.12696977732195597,1.988217967599411,1.3254786450662739,0.2650957290132548,0.0,0.1325478645066274,0.4443554620399786,0.43249281136996615,0.16348023653381527,Jornada_14,14,2025-12-04 15:13:25,laliga_latest
5074,Kike García,13,531,F S,Espanyol,La-Liga,2025-2026,0.5084745762711864,0.773964484806283,0.0,0.18721441375249526,3.728813559322034,1.5254237288135593,0.1694915254237288,0.0,0.3389830508474576,0.6479852289845378,0.9288234023724572,0.13260453497454272,Jornada_14,14,2025-12-04 15:13:25,laliga_latest
6168,Leandro Cabrera,13,1170,D,Espanyol,La-Liga,2025-2026,0.07692307692307693,0.10422183071764617,0.0,0.025110576301813122,0.9230769230769231,0.38461538461538464,0.07692307692307693,0.0,0.07692307692307693,0.10422183071764617,0.26914002201878107,0.24841853016271048,Jornada_14,14,2025-12-04 15:13:25,laliga_latest
6224,Marko Dmitrovic,14,1260,GK,Espanyol,La-Liga,2025-2026,0.0,0.0,0.0,0.0,0.0,0.0,0.0,0.0,0.0,0.0,0.1240063823892602,0.1240063823892602,Jornada_14,14,2025-12-04 15:13:25,laliga_latest
10875,Omar El Hilali,14,997,D S,Espanyol,La-Liga,2025-2026,0.0,0.0012341219980415328,0.18054162487462388,0.1129387029135598,0.09027081243731194,0.8124373119358075,0.27081243731193577,0.0,0.0,0.0012341219980415328,0.17180494684819408,0.10971158216992316,Jornada_14,14,2025-12-04 15:13:25,laliga_latest
4175,Pere Milla,12,856,F M S,Espanyol,La-Liga,2025-2026,0.5257009345794392,0.48450513542673296,0.0,0.20122190184508248,4.100467289719626,1.6822429906542056,0.4205607476635514,0.10514018691588785,0.5257009345794392,0.48450513542673296,0.6058652561688882,0.17664293588844135,Jornada_14,14,2025-12-04 15:13:25,laliga_latest
7916,Pol Lozano,14,1052,M S,Espanyol,La-Liga,2025-2026,0.08555133079847908,0.015380250842455673,0.0,0.02726266106604793,0.5988593155893536,0.5988593155893536,0.2566539923954373,0.0,0.08555133079847908,0.015380250842455673,0.24253574495660601,0.2103986014070223,Jornada_14,14,2025-12-04 15:13:25,laliga_latest
13350,Roberto Fernández,14,961,F S,Espanyol,La-Liga,2025-2026,0.2809573361082206,0.3118243044713254,0.18730489073881376,0.26864662794561034,2.7159209157127995,1.1238293444328824,0.09365244536940688,0.0,0.2809573361082206,0.3118243044713254,0.6047718763994935,0.09442265348026332,Jornada_14,14,2025-12-04 15:13:25,laliga_latest
13829,Tyrhys Dolan,14,1002,M S,Espanyol,La-Liga,2025-2026,0.0,0.10052259208377964,0.17964071856287422,0.18426247320310798,1.1676646706586826,1.347305389221557,0.08982035928143711,0.0,0.0,0.10052259208377964,0.3751566932218785,0.22275345988326264,Jornada_14,14,2025-12-04 15:13:25,laliga_latest
8861,Urko Gonzalez,13,609,M S,"Espanyol,Real Sociedad",La-Liga,2025-2026,0.0,0.026728620780219,0.14778325123152708,0.010510970989765197,0.7389162561576355,0.4433497536945813,0.14778325123152708,0.0,0.0,0.026728620780219,0.2870888080392859,0.26760462515533257,Jornada_14,14,2025-12-04 15:13:25,laliga_latest
9297,Abdelkabir Abqar,8,609,D S,Getafe,La-Liga,2025-2026,0.0,0.049277196220796675,0.14778325123152708,0.08759652342408748,0.8866995073891626,0.29556650246305416,0.7389162561576355,0.0,0.0,0.049277196220796675,0.023948030381146908,0.022059767208809908,Jornada_14,14,2025-12-04 15:13:25,laliga_latest
13789,Adrián Liso,11,941,F M,Getafe,La-Liga,2025-2026,0.2869287991498406,0.1907099985322587,0.0,0.005357964409715181,1.6259298618490967,0.09564293304994687,0.09564293304994687,0.0,0.2869287991498406,0.1907099985322587,0.20488157385404,0.019188071328920968,Jornada_14,14,2025-12-04 15:13:25,laliga_latest
14086,Alex Sancris,9,474,F M S,Getafe,La-Liga,2025-2026,0.0,0.05689376935692904,0.18987341772151897,0.15284798803585994,1.8987341772151898,0.7594936708860759,0.0,0.18987341772151897,0.0,0.05689376935692904,0.12459251145490363,0.07824184490910059,Jornada_14,14,2025-12-04 15:13:25,laliga_latest
2252,Borja Mayoral,11,852,F S,Getafe,La-Liga,2025-2026,0.4225352112676056,0.2517215077909576,0.1056338028169014,0.05618316816612028,0.9507042253521126,0.4225352112676056,0.0,0.0,0.4225352112676056,0.2517215077909576,0.23331572970664,0.03599364494144077,Jornada_14,14,2025-12-04 15:13:25,laliga_latest
2415,David Soria,14,1260,GK,Getafe,La-Liga,2025-2026,0.0,0.0,0.0,0.00332145020365715,0.0,0.07142857142857142,0.07142857142857142,0.0,0.0,0.0,0.031152256897517612,0.031152256897517612,Jornada_14,14,2025-12-04 15:13:25,laliga_latest
13788,Davinchi,7,416,D S,Getafe,La-Liga,2025-2026,0.0,0.037250836344005965,0.0,0.006305326152449604,0.6490384615384616,0.4326923076923077,0.21634615384615385,0.0,0.0,0.037250836344005965,0.07592612232726352,0.04145860734682242,Jornada_14,14,2025-12-04 15:13:25,laliga_latest
5065,Diego Rico,13,1094,D S,Getafe,La-Liga,2025-2026,0.0,0.011067380439115508,0.0,0.04765597796935922,0.4936014625228519,0.4113345521023766,0.08226691042047532,0.0,0.0,0.011067380439115508,0.06898283424669743,0.025229081256107396,Jornada_14,14,2025-12-04 15:13:25,laliga_latest
6151,Djené Dakonam,14,960,D M S,Getafe,La-Liga,2025-2026,0.0,0.003713193145813416,0.0,0.006232468178495755,0.1875,0.09375,0.28125,0.0,0.0,0.003713193145813416,0.07946153415832669,0.07683506060857326,Jornada_14,14,2025-12-04 15:13:25,laliga_latest
7860,Domingos Duarte,12,1041,D,Getafe,La-Liga,2025-2026,0.0,0.029884412916919338,0.0,0.0,0.43227665706051877,0.0,0.25936599423631124,0.0,0.0,0.029884412916919338,0.018480768674174024,0.018480768674174024,Jornada_14,14,2025-12-04 15:13:25,laliga_latest
9218,Juan Iglesias,13,1089,D M S,Getafe,La-Liga,2025-2026,0.08264462809917356,0.0576265889781812,0.0,0.02187421068179706,0.6611570247933884,0.24793388429752067,0.08264462809917356,0.0,0.08264462809917356,0.0576265889781812,0.18504492507493195,0.15829715154264587,Jornada_14,14,2025-12-04 15:13:25,laliga_latest
5043,Kiko Femenía,10,693,D M S,Getafe,La-Liga,2025-2026,0.0,0.004426211348504987,0.12987012987012986,0.11154560081951029,0.2597402597402597,0.7792207792207793,0.12987012987012986,0.0,0.0,0.004426211348504987,0.17615110020745883,0.06869792551189273,Jornada_14,14,2025-12-04 15:13:25,laliga_latest
8725,Luis Milla,14,1260,M,Getafe,La-Liga,2025-2026,0.0,0.023156482460243356,0.4285714285714286,0.23556631191500596,0.7142857142857142,2.142857142857143,0.14285714285714285,0.0,0.0,0.023156482460243356,0.19185077019834093,0.09639555987502847,Jornada_14,14,2025-12-04 15:13:25,laliga_latest
11349,Mario Martín,13,854,M S,Getafe,La-Liga,2025-2026,0.2107728337236534,0.12798306516936567,0.0,0.015827061235468468,1.053864168618267,0.3161592505854801,0.5269320843091335,0.0,0.2107728337236534,0.12798306516936567,0.10832576735481723,0.05577020626297042,Jornada_14,14,2025-12-04 15:13:25,laliga_latest
3264,Mauro Arambarri,14,1243,M,Getafe,La-Liga,2025-2026,0.14481094127111827,0.19894736059975066,0.0,0.018317903169488482,1.8101367658889782,0.36202735317779566,0.14481094127111827,0.0,0.14481094127111827,0.19894736059975066,0.1833167430597836,0.03756255331754157,Jornada_14,14,2025-12-04 15:13:25,laliga_latest
10949,Arnau Martinez,13,885,D M S,Girona,La-Liga,2025-2026,0.1016949152542373,0.06829999150487326,0.1016949152542373,0.008577517281144345,0.30508474576271183,0.1016949152542373,0.30508474576271183,0.0,0.1016949152542373,0.06829999150487326,0.39283665661084455,0.39283665661084455,Jornada_14,14,2025-12-04 15:13:25,laliga_latest
3059,Axel Witsel,11,913,M,Girona,La-Liga,2025-2026,0.09857612267250822,0.051328117784769624,0.0,0.028757774551589805,0.7886089813800657,0.6900328587075575,0.0,0.09857612267250822,0.09857612267250822,0.051328117784769624,0.4379389691702116,0.39561606923205955,Jornada_14,14,2025-12-04 15:13:25,laliga_latest
8328,Azz-Eddine Ounahi,9,706,M S,Girona,La-Liga,2025-2026,0.3824362606232295,0.13852627193370554,0.0,0.14630883626069968,2.4220963172804533,1.1473087818696883,0.509915014164306,0.0,0.3824362606232295,0.13852627193370554,0.4248447148472324,0.2881513200911348,Jornada_14,14,2025-12-04 15:13:25,laliga_latest
7338,Bryan Gil Salvatierra,11,504,M S,Girona,La-Liga,2025-2026,0.0,0.20781267367835557,0.5357142857142857,0.28810795529612476,1.7857142857142856,1.0714285714285714,0.17857142857142855,0.0,0.0,0.20781267367835557,0.685483762063086,0.39874873523201254,Jornada_14,14,2025-12-04 15:13:25,laliga_latest
548,Daley Blind,12,959,D S,Girona,La-Liga,2025-2026,0.0,0.0,0.0,0.02267603462365794,0.0,0.4692387904066736,0.09384775808133472,0.0,0.0,0.0,0.33686119789205204,0.32724167621375,Jornada_14,14,2025-12-04 15:13:25,laliga_latest
12189,Hugo Rincón,13,703,D S,Girona,La-Liga,2025-2026,0.0,0.023041650080579096,0.0,0.10608402895575568,0.25604551920341395,0.7681365576102419,0.25604551920341395,0.0,0.0,0.023041650080579096,0.32722339283139745,0.2230131219950628,Jornada_14,14,2025-12-04 15:13:25,laliga_latest
7529,Iván Martín,12,981,M S,Girona,La-Liga,2025-2026,0.0,0.03258579043210099,0.09174311926605505,0.07042635967015126,0.27522935779816515,0.7339449541284404,0.09174311926605505,0.09174311926605505,0.0,0.03258579043210099,0.33618931701287214,0.24502047175251013,Jornada_14,14,2025-12-04 15:13:25,laliga_latest
12046,Jhon Solis,9,322,M S,Girona,La-Liga,2025-2026,0.0,0.02316859660681728,0.0,0.017230843905336364,0.5590062111801242,0.2795031055900621,0.0,0.0,0.0,0.02316859660681728,0.21671450893562402,0.18710499345932316,Jornada_14,14,2025-12-04 15:13:25,laliga_latest
10952,Joel Roca,11,646,F M S,Girona,La-Liga,2025-2026,0.1393188854489164,0.19763738274482012,0.0,0.09291222163305933,2.3684210526315788,0.9752321981424149,0.0,0.0,0.1393188854489164,0.19763738274482012,0.36218127985441645,0.0851056512572079,Jornada_14,14,2025-12-04 15:13:25,laliga_latest
973,Paulo Gazzaniga,13,1122,GK,Girona,La-Liga,2025-2026,0.0,0.0,0.0,0.0,0.0,0.0,0.16042780748663102,0.08021390374331551,0.0,0.0,0.10757574079468608,0.10757574079468608,Jornada_14,14,2025-12-04 15:13:25,laliga_latest
6118,Portu,10,463,F M S,Girona,La-Liga,2025-2026,0.0,0.32544160837038033,0.0,0.03685345917489564,1.7494600431965444,0.5831533477321814,0.38876889848812096,0.0,0.0,0.32544160837038033,0.399128547014737,0.0888429170969238,Jornada_14,14,2025-12-04 15:13:25,laliga_latest
11322,Viktor Tsygankov,8,548,F M S,Girona,La-Liga,2025-2026,0.16423357664233576,0.17841350470744344,0.3284671532846715,0.15339526298530673,1.1496350364963503,1.6423357664233575,0.0,0.0,0.16423357664233576,0.17841350470744344,0.3607187980282916,0.09105685680261712,Jornada_14,14,2025-12-04 15:13:25,laliga_latest
13380,Vitor Reis,13,1067,D S,Girona,La-Liga,2025-2026,0.0,0.022918238621397115,0.0,0.054720750370088195,0.3373945641986879,0.16869728209934395,0.3373945641986879,0.08434864104967198,0.0,0.022918238621397115,0.2869269017901729,0.2862591976553006,Jornada_14,14,2025-12-04 15:13:25,laliga_latest
14041,Vladyslav Vanat,11,834,F,Girona,La-Liga,2025-2026,0.32374100719424465,0.3837531874720141,0.0,0.12520840404917014,1.1870503597122302,0.7553956834532374,0.1079136690647482,0.0,0.32374100719424465,0.3837531874720141,0.545287743183992,0.09880080926332542,Jornada_14,14,2025-12-04 15:13:25,laliga_latest
13005,Yáser Asprilla,11,470,F M S,Girona,La-Liga,2025-2026,0.0,0.09999243802133392,0.0,0.3144151371051656,2.4893617021276593,1.7234042553191489,0.0,0.0,0.0,0.09999243802133392,0.2458276629170522,0.11393170795859174,Jornada_14,14,2025-12-04 15:13:25,laliga_latest
4120,Álex Moreno,13,1119,D S,Girona,La-Liga,2025-2026,0.0,0.06618168185048065,0.0,0.044865448317483035,0.5630026809651475,0.48257372654155495,0.08042895442359249,0.0,0.0,0.06618168185048065,0.3786930855333645,0.27492230213759095,Jornada_14,14,2025-12-04 15:13:25,laliga_latest
10319,Adrián De la Fuente,12,842,D S,Levante,La-Liga,2025-2026,0.0,0.06556998478191199,0.0,0.00740187333326017,0.4275534441805226,0.32066508313539194,0.2137767220902613,0.0,0.0,0.06556998478191199,0.19177155639985116,0.18429671212889237,Jornada_14,14,2025-12-04 15:13:25,laliga_latest
11264,Carlos Álvarez,14,951,M S,Levante,La-Liga,2025-2026,0.1892744479495268,0.09143917791968453,0.0946372239747634,0.2834292550568325,1.3249211356466877,1.7034700315457414,0.1892744479495268,0.0,0.1892744479495268,0.09143917791968453,0.5385915537538118,0.312248562177649,Jornada_14,14,2025-12-04 15:13:25,laliga_latest
9275,Iván Romero,11,855,F M S,Levante,La-Liga,2025-2026,0.4210526315789474,0.47530258642999745,0.0,0.09337683610225979,2.526315789473684,0.8421052631578948,0.10526315789473685,0.0,0.4210526315789474,0.47530258642999745,0.5736731902549141,0.0637060450880151,Jornada_14,14,2025-12-04 15:13:25,laliga_latest
257,Jeremy Toljan,14,1212,D,Levante,La-Liga,2025-2026,0.07425742574257425,0.045033761549114,0.1485148514851485,0.16538330699584566,0.297029702970297,0.9653465346534653,0.22277227722772278,0.0,0.07425742574257425,0.045033761549114,0.3290894468969638,0.1644763159150682,Jornada_14,14,2025-12-04 15:13:25,laliga_latest
9466,Jon Ander Olasagasti,11,413,M S,Levante,La-Liga,2025-2026,0.0,0.04572470165049481,0.2179176755447942,0.20527638630269515,1.3075060532687652,0.8716707021791767,0.2179176755447942,0.0,0.0,0.04572470165049481,0.2408306542829076,0.07503914806910635,Jornada_14,14,2025-12-04 15:13:25,laliga_latest
14050,Kervin Arriaga,11,621,M S,Levante,La-Liga,2025-2026,0.14492753623188406,0.023215195515017578,0.0,0.014704542531483403,0.5797101449275363,0.2898550724637681,0.2898550724637681,0.0,0.14492753623188406,0.023215195515017578,0.205534627472145,0.1838184320840283,Jornada_14,14,2025-12-04 15:13:25,laliga_latest
7605,Manuel Sánchez,13,1151,D,Levante,La-Liga,2025-2026,0.07819287576020852,0.06805507471051866,0.07819287576020852,0.06805936630320072,0.3909643788010426,0.6255430060816681,0.31277150304083406,0.0,0.07819287576020852,0.06805507471051866,0.3924285210539578,0.29677261942293626,Jornada_14,14,2025-12-04 15:13:25,laliga_latest
2385,Mat Ryan,12,1080,GK,Levante,La-Liga,2025-2026,0.0,0.0,0.0,0.0,0.0,0.0,0.08333333333333334,0.0,0.0,0.0,0.08114567771553993,0.08114567771553993,Jornada_14,14,2025-12-04 15:13:25,laliga_latest
13083,Matías Moreno,10,790,D S,Levante,La-Liga,2025-2026,0.0,0.03669173105419436,0.0,0.013256726810072035,0.34177215189873417,0.22784810126582278,0.22784810126582278,0.0,0.0,0.03669173105419436,0.24531521803781955,0.24289570508312577,Jornada_14,14,2025-12-04 15:13:25,laliga_latest
8764,Oriol Rey,11,738,M S,Levante,La-Liga,2025-2026,0.0,0.022235841081454984,0.0,0.011762784021656683,0.4878048780487805,0.24390243902439024,0.24390243902439024,0.0,0.0,0.022235841081454984,0.4096501366030879,0.3839270534311854,Jornada_14,14,2025-12-04 15:13:25,laliga_latest
8183,Pablo Martínez,9,519,M S,Levante,La-Liga,2025-2026,0.0,0.1435676161092141,0.17341040462427745,0.23865219426335973,2.0809248554913293,1.2138728323699421,0.17341040462427745,0.0,0.0,0.1435676161092141,0.476443439646694,0.24069052081921197,Jornada_14,14,2025-12-04 15:13:25,laliga_latest
13767,Roger Brugué,14,850,F M S,Levante,La-Liga,2025-2026,0.0,0.3013296637684107,0.10588235294117646,0.06668178101672846,1.9058823529411764,0.5294117647058824,0.10588235294117646,0.0,0.0,0.3013296637684107,0.5442061835352112,0.24579680421773123,Jornada_14,14,2025-12-04 15:13:25,laliga_latest
13765,Unai Elgezabal,11,942,D M,Levante,La-Liga,2025-2026,0.0,0.052827171637279215,0.0,0.01279390956850568,0.19108280254777069,0.19108280254777069,0.19108280254777069,0.0,0.0,0.052827171637279215,0.14003021630701748,0.14003021630701748,Jornada_14,14,2025-12-04 15:13:25,laliga_latest
8329,Unai Vencedor,8,543,M,Levante,La-Liga,2025-2026,0.0,0.0,0.0,0.18035944273376334,0.0,1.160220994475138,0.16574585635359115,0.16574585635359115,0.0,0.0,0.2213023942560781,0.11555657428766483,Jornada_14,14,2025-12-04 15:13:25,laliga_latest
10930,Etta Eyong,14,1168,F,"Levante,Villarreal",La-Liga,2025-2026,0.46232876712328763,0.6027468560544187,0.23116438356164382,0.17815884701869358,2.3886986301369864,0.7705479452054794,0.1541095890410959,0.0,0.46232876712328763,0.5454737514461556,0.5868954325018272,0.04896523416590915,Jornada_14,14,2025-12-04 15:13:25,laliga_latest
9970,Antonio Sánchez,11,400,M S,Mallorca,La-Liga,2025-2026,0.0,0.015692052198573943,0.0,0.10380698069930075,0.6749999999999999,0.6749999999999999,0.45,0.225,0.0,0.015692052198573943,0.36983790379017595,0.25870948992669585,Jornada_14,14,2025-12-04 15:13:25,laliga_latest
13991,Jan Virgili,9,528,M S,Mallorca,La-Liga,2025-2026,0.0,0.14409655683927916,0.5113636363636364,0.38358545692806895,1.534090909090909,2.8977272727272725,0.0,0.0,0.0,0.14409655683927916,0.6771542267365889,0.25285873921926727,Jornada_14,14,2025-12-04 15:13:25,laliga_latest
6242,Johan Mojica,14,1029,D S,Mallorca,La-Liga,2025-2026,0.0,0.019199158942039083,0.26239067055393583,0.1664360379935962,0.6997084548104956,1.3994169096209912,0.1749271137026239,0.0,0.0,0.019199158942039083,0.3152817414948613,0.15443361206821904,Jornada_14,14,2025-12-04 15:13:25,laliga_latest
9839,Leo Román,10,900,GK,Mallorca,La-Liga,2025-2026,0.0,0.0,0.0,0.0,0.0,0.0,0.1,0.0,0.0,0.0,0.06582629103213548,0.06582629103213548,Jornada_14,14,2025-12-04 15:13:25,laliga_latest
11809,Lucas Bergström,4,360,GK,Mallorca,La-Liga,2025-2026,0.0,0.0,0.0,0.0,0.0,0.0,0.25,0.0,0.0,0.0,0.2007948532700539,0.2007948532700539,Jornada_14,14,2025-12-04 15:13:25,laliga_latest
6592,Manuel Morlanes,11,717,M S,Mallorca,La-Liga,2025-2026,0.0,0.025327056841184397,0.0,0.06139045020089988,0.37656903765690375,0.7531380753138075,0.0,0.12552301255230125,0.0,0.025327056841184397,0.373198428662751,0.29759348249335665,Jornada_14,14,2025-12-04 15:13:25,laliga_latest
7838,Martin Valjent,14,1260,D,Mallorca,La-Liga,2025-2026,0.0,0.022321511326091628,0.0,0.0021019233390688857,0.6428571428571428,0.07142857142857142,0.07142857142857142,0.0,0.0,0.022321511326091628,0.25942203322691576,0.23808816627466253,Jornada_14,14,2025-12-04 15:13:25,laliga_latest
11208,Mateo Joseph,13,817,F M S,Mallorca,La-Liga,2025-2026,0.22031823745410034,0.4061685922251265,0.11015911872705017,0.025225046331306854,2.313341493268054,0.6609547123623011,0.11015911872705017,0.0,0.22031823745410034,0.4061685922251265,0.4974546646437126,0.07151450486477541,Jornada_14,14,2025-12-04 15:13:25,laliga_latest
8070,Mateu Morey,9,460,D S,Mallorca,La-Liga,2025-2026,0.1956521739130435,0.03594386755772258,0.0,0.10100009247822607,0.782608695652174,0.5869565217391304,0.391304347826087,0.0,0.1956521739130435,0.03594386755772258,0.2176812666103892,0.09628879853888699,Jornada_14,14,2025-12-04 15:13:25,laliga_latest
2456,Omar Mascarell,8,448,M S,Mallorca,La-Liga,2025-2026,0.0,0.0,0.0,0.004714152975273977,0.0,0.20089285714285712,0.20089285714285712,0.0,0.0,0.0,0.20489407237619164,0.20017991940091762,Jornada_14,14,2025-12-04 15:13:25,laliga_latest
1003,Pablo Maffeo,10,841,D S,Mallorca,La-Liga,2025-2026,0.1070154577883472,0.017508739864677367,0.0,0.0124125028700168,0.2140309155766944,0.4280618311533888,0.4280618311533888,0.0,0.1070154577883472,0.017508739864677367,0.39364873448233967,0.3637274861663545,Jornada_14,14,2025-12-04 15:13:25,laliga_latest
11025,Pablo Torre,13,631,M S,Mallorca,La-Liga,2025-2026,0.0,0.06177125262500933,0.28526148969889065,0.16571924096289228,0.7131537242472267,1.9968304278922346,0.14263074484944532,0.0,0.0,0.06177125262500933,0.21879288198193167,0.0623271914520751,Jornada_14,14,2025-12-04 15:13:25,laliga_latest
2584,Raíllo,14,1260,D,Mallorca,La-Liga,2025-2026,0.0,0.03298533860860126,0.0,0.005876278903867514,0.5714285714285714,0.14285714285714285,0.14285714285714285,0.0,0.0,0.03298533860860126,0.19434344209730625,0.18443797289260797,Jornada_14,14,2025-12-04 15:13:25,laliga_latest
10974,Samú Costa,12,861,M S,Mallorca,La-Liga,2025-2026,0.20905923344947736,0.061539575710684996,0.0,0.06307650036227204,1.358885017421603,0.4181184668989547,0.4181184668989547,0.0,0.20905923344947736,0.061539575710684996,0.3469204273762811,0.24295183099832268,Jornada_14,14,2025-12-04 15:13:25,laliga_latest
2621,Sergi Darder,14,1057,M S,Mallorca,La-Liga,2025-2026,0.0,0.07771997270240406,0.08514664143803216,0.09716427298183417,1.1069063386944182,1.3623462630085146,0.17029328287606432,0.0,0.0,0.07771997270240406,0.21708724678422664,0.12814811770094942,Jornada_14,14,2025-12-04 15:13:25,laliga_latest
6087,Takuma Asano,9,307,F M S,Mallorca,La-Liga,2025-2026,0.2931596091205212,0.22590118894165423,0.0,0.14930094492163642,1.758957654723127,0.2931596091205212,0.2931596091205212,0.0,0.2931596091205212,0.22590118894165423,0.3854042380223057,0.14406179839362926,Jornada_14,14,2025-12-04 15:13:25,laliga_latest
9002,Vedat Muriqi,13,1011,F S,Mallorca,La-Liga,2025-2026,0.7121661721068249,0.5074835824020185,0.0,0.01116215881479776,2.937685459940653,0.35608308605341243,0.08902077151335311,0.08902077151335311,0.5341246290801187,0.37514928728342056,0.49122376505628185,0.1625771345073241,Jornada_14,14,2025-12-04 15:13:25,laliga_latest
12790,Abel Bretones,12,1074,D M,Osasuna,La-Liga,2025-2026,0.08379888268156424,0.03935219985354879,0.0,0.030839762666038963,0.7541899441340782,0.6703910614525139,0.25139664804469275,0.08379888268156424,0.08379888268156424,0.03935219985354879,0.11029945285834745,0.06774722320136911,Jornada_14,14,2025-12-04 15:13:25,laliga_latest
8424,Aimar Oroz,8,555,F M S,Osasuna,La-Liga,2025-2026,0.0,0.07103194215813198,0.16216216216216217,0.1707784463022206,1.2972972972972974,2.27027027027027,0.4864864864864865,0.0,0.0,0.07103194215813198,0.18093332044176152,0.08234858885407448,Jornada_14,14,2025-12-04 15:13:25,laliga_latest
7604,Alejandro Catena,13,1170,D,Osasuna,La-Liga,2025-2026,0.15384615384615385,0.14803035492793878,0.07692307692307693,0.017606766178057738,0.7692307692307693,0.46153846153846156,0.38461538461538464,0.0,0.15384615384615385,0.14803035492793878,0.1326907269943219,0.06522095475632411,Jornada_14,14,2025-12-04 15:13:25,laliga_latest
1235,Ante Budimir,13,998,F S,Osasuna,La-Liga,2025-2026,0.3607214428857715,0.3937129550921415,0.0,0.017146813293138816,2.7054108216432864,0.27054108216432865,0.0,0.0,0.18036072144288576,0.19262582395890193,0.23230662720580258,0.0611014864808751,Jornada_14,14,2025-12-04 15:13:25,laliga_latest
12893,Enzo Boyomo,14,1241,D,Osasuna,La-Liga,2025-2026,0.072522159548751,0.03667123081413226,0.0,0.05583744054835809,0.072522159548751,0.290088638195004,0.290088638195004,0.0,0.072522159548751,0.03667123081413226,0.17089520643354902,0.0797745658086251,Jornada_14,14,2025-12-04 15:13:25,laliga_latest
7857,Jon Moncayola,14,1231,D M,Osasuna,La-Liga,2025-2026,0.0,0.04278341035875337,0.07311129163281885,0.17428584956691867,0.5848903330625508,1.0966693744922826,0.1462225832656377,0.0,0.0,0.04278341035875337,0.19410569726161894,0.07889914107724576,Jornada_14,14,2025-12-04 15:13:25,laliga_latest
10858,Jorge Herrando,10,376,D S,Osasuna,La-Liga,2025-2026,0.0,0.040851757574350896,0.0,0.0,0.7180851063829786,0.0,0.0,0.0,0.0,0.040851757574350896,0.021688363940871137,0.021688363940871137,Jornada_14,14,2025-12-04 15:13:25,laliga_latest
8744,Juan Cruz,10,564,D S,Osasuna,La-Liga,2025-2026,0.0,0.08715126742707922,0.0,0.011749908803625302,0.1595744680851064,0.3191489361702128,0.0,0.0,0.0,0.08715126742707922,0.14684361534470572,0.13509370356877434,Jornada_14,14,2025-12-04 15:13:25,laliga_latest
7050,Lucas Torró,13,1001,M,Osasuna,La-Liga,2025-2026,0.0,0.08411704496546583,0.0899100899100899,0.05548570803799233,0.6293706293706294,0.26973026973026976,0.26973026973026976,0.0,0.0,0.08411704496546583,0.16366305328406894,0.10211716427446364,Jornada_14,14,2025-12-04 15:13:25,laliga_latest
2198,Moi Gómez,12,809,M S,Osasuna,La-Liga,2025-2026,0.0,0.028265865199608615,0.0,0.080764237883396,0.7787391841779975,0.7787391841779975,0.11124845488257107,0.0,0.0,0.028265865199608615,0.2507324693597881,0.16517112106407159,Jornada_14,14,2025-12-04 15:13:25,laliga_latest
8042,Raul García,14,517,F S,Osasuna,La-Liga,2025-2026,0.3481624758220503,0.4889694679838315,0.0,0.054662222910953434,2.959381044487427,0.8704061895551258,0.17408123791102514,0.0,0.3481624758220503,0.4889694679838315,0.46478992245183454,0.03785640847953883,Jornada_14,14,2025-12-04 15:13:25,laliga_latest
2183,Rubén García,12,636,F M S,Osasuna,La-Liga,2025-2026,0.0,0.08303485037583225,0.4245283018867924,0.3091109675829703,1.2735849056603774,1.981132075471698,0.0,0.0,0.0,0.08303485037583225,0.21591295786904838,0.07900197173134899,Jornada_14,14,2025-12-04 15:13:25,laliga_latest
7859,Sergio Herrera,14,1260,GK,Osasuna,La-Liga,2025-2026,0.0,0.0,0.0,0.0,0.0,0.0,0.07142857142857142,0.0,0.0,0.0,0.04918857278036219,0.04918857278036219,Jornada_14,14,2025-12-04 15:13:25,laliga_latest
5615,Valentin Rosier,8,616,D,Osasuna,La-Liga,2025-2026,0.0,0.013870446982055706,0.14610389610389612,0.08650261068160271,0.4383116883116883,0.5844155844155845,0.14610389610389612,0.14610389610389612,0.0,0.013870446982055706,0.1385160525293126,0.06483279177677127,Jornada_14,14,2025-12-04 15:13:25,laliga_latest
13279,Víctor Muñoz,14,1030,F M S,Osasuna,La-Liga,2025-2026,0.08737864077669903,0.11403975769588091,0.08737864077669903,0.035893503323342034,2.0970873786407767,0.6990291262135923,0.17475728155339806,0.0,0.08737864077669903,0.11403975769588091,0.18883327163249544,0.061867692272712306,Jornada_14,14,2025-12-04 15:13:25,laliga_latest
14059,Alemão,11,553,F S,Rayo Vallecano,La-Liga,2025-2026,0.162748643761302,0.33464059368395677,0.0,0.02148393339479163,2.115732368896926,0.488245931283906,0.162748643761302,0.0,0.162748643761302,0.33464059368395677,0.368752858818763,0.030443898686772008,Jornada_14,14,2025-12-04 15:13:25,laliga_latest
7515,Andrei Ratiu,14,1260,D M,Rayo Vallecano,La-Liga,2025-2026,0.0,0.09891996679029294,0.07142857142857142,0.1962746168885912,1.0,1.1428571428571428,0.2857142857142857,0.0,0.0,0.09891996679029294,0.4874690446470465,0.3238180319645575,Jornada_14,14,2025-12-04 15:13:25,laliga_latest
12298,Augusto Batalla,14,1260,GK,Rayo Vallecano,La-Liga,2025-2026,0.0,0.0,0.0,0.0014400036473359358,0.0,0.07142857142857142,0.07142857142857142,0.0,0.0,0.0,0.33653856654252323,0.33509856302823343,Jornada_14,14,2025-12-04 15:13:25,laliga_latest
5073,Florian Lejeune,14,1253,D,Rayo Vallecano,La-Liga,2025-2026,0.0,0.050175390009309706,0.0,0.011507855826380819,1.3647246608140462,0.5027932960893855,0.14365522745411013,0.0,0.0,0.050175390009309706,0.3085520061094192,0.2897875691211804,Jornada_14,14,2025-12-04 15:13:25,laliga_latest
10944,Fran Pérez,11,444,F M S,Rayo Vallecano,La-Liga,2025-2026,0.20270270270270271,0.2369481445969762,0.0,0.29770521642136816,1.4189189189189189,1.6216216216216217,0.0,0.0,0.20270270270270271,0.2369481445969762,0.8504630718380213,0.39730917825992845,Jornada_14,14,2025-12-04 15:13:25,laliga_latest
9812,Isi Palazón,13,931,F M S,Rayo Vallecano,La-Liga,2025-2026,0.09667024704618689,0.16926920204498394,0.19334049409237378,0.1573162702353377,1.6433941997851773,1.3533834586466165,0.4833512352309345,0.0,0.0,0.09741637147522894,0.5028673726365083,0.315767653990701,Jornada_14,14,2025-12-04 15:13:25,laliga_latest
8107,Jorge De Frutos,13,1054,F M,Rayo Vallecano,La-Liga,2025-2026,0.3415559772296015,0.4329153593360982,0.08538899430740038,0.12444405081333765,1.9639468690702087,1.1954459203036054,0.08538899430740038,0.0,0.3415559772296015,0.4329153593360982,0.6122785388355972,0.10095339293186985,Jornada_14,14,2025-12-04 15:13:25,laliga_latest
12286,Nobel Mendy,6,500,D,Rayo Vallecano,La-Liga,2025-2026,0.18,0.15032184977084398,0.0,0.0018209356069564802,0.72,0.18,0.18,0.0,0.18,0.15032184977084398,0.31802033934742213,0.31355001255869863,Jornada_14,14,2025-12-04 15:13:25,laliga_latest
9815,Pathé Ciss,13,861,D M S,Rayo Vallecano,La-Liga,2025-2026,0.0,0.11719130446894244,0.0,0.0175674301198966,0.627177700348432,0.5226480836236934,0.20905923344947736,0.10452961672473868,0.0,0.11719130446894244,0.5534494866840931,0.44760476006032696,Jornada_14,14,2025-12-04 15:13:25,laliga_latest
12863,Pedro Díaz,12,784,F M S,Rayo Vallecano,La-Liga,2025-2026,0.0,0.06075718392598994,0.0,0.03741368291452907,1.8367346938775508,1.0331632653061225,0.0,0.0,0.0,0.06075718392598994,0.36505719689576294,0.29615161914321386,Jornada_14,14,2025-12-04 15:13:25,laliga_latest
11087,Pep Chavarría,14,1191,D S,Rayo Vallecano,La-Liga,2025-2026,0.07556675062972291,0.028547874185015032,0.15113350125944583,0.15713707691701292,0.6801007556675063,1.057934508816121,0.22670025188916876,0.0,0.07556675062972291,0.028547874185015032,0.4990374394493079,0.3364115694457998,Jornada_14,14,2025-12-04 15:13:25,laliga_latest
4091,Unai López,13,843,M S,Rayo Vallecano,La-Liga,2025-2026,0.0,0.03669102318266745,0.21352313167259787,0.1157847982483296,1.1743772241992882,1.814946619217082,0.32028469750889677,0.0,0.0,0.03669102318266745,0.3874379445159032,0.33261590527894236,Jornada_14,14,2025-12-04 15:13:25,laliga_latest
7071,Álvaro García,14,971,M S,Rayo Vallecano,La-Liga,2025-2026,0.2780638516992791,0.3816924741382334,0.09268795056642636,0.2772849179846527,2.03913491246138,1.1122554067971164,0.1853759011328527,0.0,0.2780638516992791,0.3816924741382334,0.7313034631864357,0.07393456216667511,Jornada_14,14,2025-12-04 15:13:25,laliga_latest
9811,Óscar Valentín,12,741,M S,Rayo Vallecano,La-Liga,2025-2026,0.0,0.01813985614731968,0.0,0.005253686415039085,0.48582995951417,0.1214574898785425,0.0,0.0,0.0,0.01813985614731968,0.4089288970809958,0.38788253298172587,Jornada_14,14,2025-12-04 15:13:25,laliga_latest
10095,Abdessamad Ezzalzouli,10,693,M S,Real Betis,La-Liga,2025-2026,0.38961038961038963,0.5200015656746827,0.2597402597402597,0.31730602580037987,2.9870129870129873,1.2987012987012987,0.12987012987012986,0.0,0.38961038961038963,0.5200015656746827,0.9768179378339222,0.22463643052554746,Jornada_14,14,2025-12-04 15:13:25,laliga_latest
6427,Aitor Ruibal,10,445,D M S,Real Betis,La-Liga,2025-2026,0.20224719101123598,0.30378544133868113,0.0,0.11319034077813117,1.6179775280898878,1.4157303370786518,0.20224719101123598,0.0,0.20224719101123598,0.30378544133868113,0.5462388599689086,0.18204893958702514,Jornada_14,14,2025-12-04 15:13:25,laliga_latest
11094,Antony,9,784,M,Real Betis,La-Liga,2025-2026,0.4591836734693877,0.3208530602064364,0.11479591836734693,0.17970089178190246,3.6734693877551017,1.721938775510204,0.11479591836734693,0.11479591836734693,0.4591836734693877,0.3208530602064364,0.7647963339576915,0.3901814192305414,Jornada_14,14,2025-12-04 15:13:25,laliga_latest
5681,Giovani Lo Celso,12,837,M S,Real Betis,La-Liga,2025-2026,0.1075268817204301,0.18895596666361694,0.2150537634408602,0.2654697257344441,2.043010752688172,2.2580645161290325,0.3225806451612903,0.0,0.1075268817204301,0.18895596666361694,0.89395514739457,0.5782013586772387,Jornada_14,14,2025-12-04 15:13:25,laliga_latest
492,Héctor Bellerín,13,1011,D S,Real Betis,La-Liga,2025-2026,0.0,0.01790470556972288,0.17804154302670622,0.2090484194612291,0.26706231454005935,1.513353115727003,0.08902077151335311,0.0,0.0,0.01790470556972288,0.5254050733339185,0.38994007122092145,Jornada_14,14,2025-12-04 15:13:25,laliga_latest
6954,Juan Camilo Hernández,14,1228,F,Real Betis,La-Liga,2025-2026,0.36644951140065146,0.29626587472540544,0.1465798045602606,0.16194092971348614,3.0781758957654723,1.1726384364820848,0.1465798045602606,0.0,0.36644951140065146,0.29626587472540544,0.6149818176094213,0.17995055805109075,Jornada_14,14,2025-12-04 15:13:25,laliga_latest
6485,Júnior Firpo,6,437,D S,Real Betis,La-Liga,2025-2026,0.0,0.0727806260779466,0.20594965675057209,0.18950881108266535,0.8237986270022883,1.4416475972540046,0.41189931350114417,0.0,0.0,0.0727806260779466,0.5145171334118811,0.4169732044095033,Jornada_14,14,2025-12-04 15:13:25,laliga_latest
2453,Marc Bartra,10,849,D S,Real Betis,La-Liga,2025-2026,0.10600706713780918,0.03819263681716716,0.0,0.002003637185261014,0.4240282685512367,0.10600706713780918,0.21201413427561835,0.0,0.10600706713780918,0.03819263681716716,0.39250052869714824,0.39073723374928476,Jornada_14,14,2025-12-04 15:13:25,laliga_latest
5086,Marc Roca,9,481,M S,Real Betis,La-Liga,2025-2026,0.0,0.0,0.0,0.08407420716916447,0.0,0.7484407484407485,0.0,0.0,0.0,0.0,0.24669363169220282,0.23189587898072234,Jornada_14,14,2025-12-04 15:13:25,laliga_latest
11890,Natan,14,1260,D,Real Betis,La-Liga,2025-2026,0.0,0.025472281434174092,0.0,0.011670815292745829,0.5714285714285714,0.2857142857142857,0.2857142857142857,0.0,0.0,0.025472281434174092,0.32910614726798876,0.3221697759415422,Jornada_14,14,2025-12-04 15:13:25,laliga_latest
2335,Pablo Fornals,14,1170,M,Real Betis,La-Liga,2025-2026,0.23076923076923078,0.14654941520152184,0.3076923076923077,0.1713682471129757,1.3846153846153846,2.076923076923077,0.07692307692307693,0.0,0.23076923076923078,0.14654941520152184,0.7493249367062862,0.4821189710727105,Jornada_14,14,2025-12-04 15:13:25,laliga_latest
2107,Pau López,7,630,GK,Real Betis,La-Liga,2025-2026,0.0,0.0,0.0,0.0,0.0,0.0,0.14285714285714285,0.0,0.0,0.0,0.06367646610098227,0.06367646610098227,Jornada_14,14,2025-12-04 15:13:25,laliga_latest
308,Ricardo Rodríguez,8,498,D S,Real Betis,La-Liga,2025-2026,0.0,0.022411609786641164,0.18072289156626503,0.07667054343654447,0.36144578313253006,0.7228915662650601,0.0,0.0,0.0,0.022411609786641164,0.2485891593148909,0.19077255783310862,Jornada_14,14,2025-12-04 15:13:25,laliga_latest
8002,Rodrigo Riquelme,11,451,M S,Real Betis,La-Liga,2025-2026,0.0,0.15562247811195062,0.19955654101995565,0.25621801837783165,1.7960088691796008,2.1951219512195124,0.0,0.0,0.0,0.15562247811195062,0.6778096474558446,0.28000219477270366,Jornada_14,14,2025-12-04 15:13:25,laliga_latest
11953,Sergi Altimira,8,477,M S,Real Betis,La-Liga,2025-2026,0.18867924528301888,0.06223873709732631,0.18867924528301888,0.03445555930430034,0.18867924528301888,0.7547169811320755,0.18867924528301888,0.0,0.18867924528301888,0.06223873709732631,0.27921865782085453,0.2470030277123991,Jornada_14,14,2025-12-04 15:13:25,laliga_latest
7927,Sofyan Amrabat,8,593,M S,Real Betis,La-Liga,2025-2026,0.0,0.017070753333389643,0.0,0.02821554635568171,0.6070826306913997,0.6070826306913997,0.4553119730185497,0.0,0.0,0.017070753333389643,0.3903886724206891,0.3487316409713301,Jornada_14,14,2025-12-04 15:13:25,laliga_latest
13845,Valentín Gómez,11,703,D S,Real Betis,La-Liga,2025-2026,0.12802275960170698,0.11596579369618579,0.0,0.0322671416102992,1.0241820768136558,0.5120910384068279,0.25604551920341395,0.0,0.12802275960170698,0.11596579369618579,0.260252203967205,0.20045493698942543,Jornada_14,14,2025-12-04 15:13:25,laliga_latest
11740,Álvaro Vallés,7,630,GK,Real Betis,La-Liga,2025-2026,0.0,0.0,0.0,0.0,0.0,0.0,0.0,0.0,0.0,0.0,0.10326782347900527,0.10326782347900527,Jornada_14,14,2025-12-04 15:13:25,laliga_latest
12190,Arda Güler,15,951,F M S,Real Madrid,La-Liga,2025-2026,0.28391167192429023,0.29347293266926655,0.47318611987381703,0.3838022781259818,2.365930599369085,3.217665615141956,0.0946372239747634,0.0,0.28391167192429023,0.29347293266926655,0.6473971430905611,0.28453212278404444,Jornada_14,14,2025-12-04 15:13:25,laliga_latest
6560,Aurelien Tchouameni,13,1046,M S,Real Madrid,La-Liga,2025-2026,0.0,0.13005067450110133,0.0,0.06066450211673576,1.3766730401529637,0.5162523900573613,0.3441682600382409,0.0,0.0,0.13005067450110133,0.5541106619040551,0.4587560595079088,Jornada_14,14,2025-12-04 15:13:25,laliga_latest
2446,Dani Ceballos,10,345,M S,Real Madrid,La-Liga,2025-2026,0.0,0.014610961889443174,0.0,0.11405766042678253,0.5217391304347826,1.826086956521739,0.0,0.0,0.0,0.014610961889443174,1.0040648378755737,0.9184419972741086,Jornada_14,14,2025-12-04 15:13:25,laliga_latest
2260,Daniel Carvajal,7,375,D S,Real Madrid,La-Liga,2025-2026,0.0,0.03391282640397548,0.0,0.1411693972349167,0.48,0.48,0.0,0.0,0.0,0.03391282640397548,0.4662434309720993,0.29388782680034636,Jornada_14,14,2025-12-04 15:13:25,laliga_latest
11943,Dean Huijsen,11,875,D,Real Madrid,La-Liga,2025-2026,0.10285714285714287,0.12441704603178162,0.10285714285714287,0.08185124918818473,1.1314285714285715,0.6171428571428571,0.30857142857142855,0.10285714285714287,0.10285714285714287,0.12441704603178162,0.4904291112082345,0.45836671841996063,Jornada_14,14,2025-12-04 15:13:25,laliga_latest
7829,Eder Militão,12,983,D S,Real Madrid,La-Liga,2025-2026,0.09155645981688708,0.13422862304486374,0.09155645981688708,0.09986577144353097,1.5564598168870805,0.6408952187182095,0.18311291963377416,0.0,0.09155645981688708,0.13422862304486374,0.4633187739669306,0.3840056646118814,Jornada_14,14,2025-12-04 15:13:25,laliga_latest
7359,Eduardo Camavinga,11,479,M S,Real Madrid,La-Liga,2025-2026,0.1878914405010438,0.15181006490406512,0.0,0.16480076890866543,0.7515657620041752,1.1273486430062631,0.0,0.0,0.1878914405010438,0.15181006490406512,0.6378163644627888,0.4618306954183259,Jornada_14,14,2025-12-04 15:13:25,laliga_latest
6241,Federico Valverde,15,1210,D F M S,Real Madrid,La-Liga,2025-2026,0.0,0.04295453150595023,0.2975206611570248,0.13164085860956798,1.413223140495868,1.3388429752066116,0.0743801652892562,0.0,0.0,0.04295453150595023,0.6216595637465804,0.5490908388448648,Jornada_14,14,2025-12-04 15:13:25,laliga_latest
13847,Franco Mastantuono,9,556,D F M S,Real Madrid,La-Liga,2025-2026,0.16187050359712232,0.29761333179345234,0.0,0.20115853069524328,2.9136690647482015,1.1330935251798562,0.48561151079136694,0.0,0.16187050359712232,0.29761333179345234,0.5816137798720126,0.3256872881257491,Jornada_14,14,2025-12-04 15:13:25,laliga_latest
8824,Jude Bellingham,11,749,M S,Real Madrid,La-Liga,2025-2026,0.3604806408544727,0.471559699589961,0.24032042723631508,0.21905722601391447,2.8838451268357814,2.0427236315086783,0.0,0.0,0.3604806408544727,0.471559699589961,0.8856417701265045,0.5418048008968022,Jornada_14,14,2025-12-04 15:13:25,laliga_latest
3423,Kylian Mbappe-Lottin,15,1321,F,Real Madrid,La-Liga,2025-2026,1.0900832702498107,0.9227069173738598,0.27252081756245267,0.3683090382266189,4.837244511733535,2.929598788796367,0.2043906131718395,0.0,0.817562452687358,0.6695086279719008,1.1396393985300692,0.3537528581753723,Jornada_14,14,2025-12-04 15:13:25,laliga_latest
13201,Raúl,9,506,D S,Real Madrid,La-Liga,2025-2026,0.0,0.08082920254719823,0.0,0.019095540488425922,1.2450592885375493,0.3557312252964427,0.17786561264822134,0.0,0.0,0.08082920254719823,0.5542738441186461,0.5359777569653017,Jornada_14,14,2025-12-04 15:13:25,laliga_latest
8015,Rodrygo,13,306,F M S,Real Madrid,La-Liga,2025-2026,0.0,0.279594922766966,0.0,0.16378511400783763,4.411764705882353,1.4705882352941178,0.0,0.0,0.0,0.279594922766966,0.6708422215545878,0.2776198834180832,Jornada_14,14,2025-12-04 15:13:25,laliga_latest
680,Thibaut Courtois,15,1350,GK,Real Madrid,La-Liga,2025-2026,0.0,0.0,0.0,0.0,0.0,0.0,0.0,0.0,0.0,0.0,0.26627823114395144,0.26627823114395144,Jornada_14,14,2025-12-04 15:13:25,laliga_latest
1791,Trent Alexander-Arnold,8,393,D M S,Real Madrid,La-Liga,2025-2026,0.0,0.013790634809104535,0.22900763358778628,0.17274064445541107,0.6870229007633587,1.8320610687022902,0.0,0.0,0.0,0.013790634809104535,0.730693198114861,0.5953554558844967,Jornada_14,14,2025-12-04 15:13:25,laliga_latest
7008,Vinícius Júnior,15,1094,F M S,Real Madrid,La-Liga,2025-2026,0.4113345521023766,0.505266022379808,0.3290676416819013,0.28070599756712666,3.7020109689213894,2.3857404021937842,0.08226691042047532,0.0,0.3290676416819013,0.382971714303524,0.9259434299070178,0.29056427751751224,Jornada_14,14,2025-12-04 15:13:25,laliga_latest
10576,Álvaro Fernández,15,1252,D S,Real Madrid,La-Liga,2025-2026,0.0718849840255591,0.013786408121879107,0.0718849840255591,0.07076692517501668,0.43130990415335463,1.1501597444089455,0.1437699680511182,0.0,0.0718849840255591,0.013786408121879107,0.6487698714954022,0.5861237657943759,Jornada_14,14,2025-12-04 15:13:25,laliga_latest
2346,Aarón,14,1260,GK,Real Oviedo,La-Liga,2025-2026,0.0,0.0,0.0,0.0,0.0,0.0,0.07142857142857142,0.0,0.0,0.0,0.06220545686249222,0.06220545686249222,Jornada_14,14,2025-12-04 15:13:25,laliga_latest
13700,Alberto Reina,13,663,M S,Real Oviedo,La-Liga,2025-2026,0.13574660633484165,0.032861765676359234,0.0,0.07832959639877755,0.8144796380090499,0.8144796380090499,0.2714932126696833,0.13574660633484165,0.13574660633484165,0.032861765676359234,0.1465340297483751,0.059550359036048606,Jornada_14,14,2025-12-04 15:13:25,laliga_latest
2597,Dani Calvo,8,657,D S,Real Oviedo,La-Liga,2025-2026,0.0,0.0,0.0,0.0,0.0,0.0,0.273972602739726,0.0,0.0,0.0,0.06197364847749879,0.06197364847749879,Jornada_14,14,2025-12-04 15:13:25,laliga_latest
13983,David Carmo,10,784,D S,Real Oviedo,La-Liga,2025-2026,0.11479591836734693,0.09435017160805209,0.0,0.004087313201886658,0.5739795918367347,0.11479591836734693,0.4591836734693877,0.0,0.11479591836734693,0.09435017160805209,0.19211446771360174,0.1284464481001606,Jornada_14,14,2025-12-04 15:13:25,laliga_latest
4160,David Costas,9,721,D S,Real Oviedo,La-Liga,2025-2026,0.0,0.0,0.0,0.013651439452468926,0.0,0.24965325936199723,0.0,0.0,0.0,0.0,0.19608508374402495,0.19087876445108742,Jornada_14,14,2025-12-04 15:13:25,laliga_latest
13705,Federico Viñas,12,683,F M S,Real Oviedo,La-Liga,2025-2026,0.13177159590043924,0.27387051972646487,0.0,0.040263291911970644,1.7130307467057102,0.6588579795021963,0.2635431918008785,0.13177159590043924,0.0,0.17592764294557653,0.1836509710262321,0.05742277120994091,Jornada_14,14,2025-12-04 15:13:25,laliga_latest
11401,Haissem Hassan,13,771,F M S,Real Oviedo,La-Liga,2025-2026,0.0,0.12119263685978804,0.11673151750972763,0.0442456298938985,1.9844357976653697,0.5836575875486382,0.11673151750972763,0.0,0.0,0.12119263685978804,0.2246932499835463,0.08574837405625949,Jornada_14,14,2025-12-04 15:13:25,laliga_latest
13701,Ilyas Chaira,12,699,F M S,Real Oviedo,La-Liga,2025-2026,0.0,0.13010507209682157,0.0,0.01760674556597364,1.6738197424892705,0.38626609442060084,0.0,0.12875536480686695,0.0,0.13010507209682157,0.3701875608238539,0.2558705041209004,Jornada_14,14,2025-12-04 15:13:25,laliga_latest
8413,Javier López,5,385,D,Real Oviedo,La-Liga,2025-2026,0.0,0.0,0.0,0.06254782842157723,0.0,1.168831168831169,0.0,0.0,0.0,0.0,0.13118884194787447,0.08752712123579792,Jornada_14,14,2025-12-04 15:13:25,laliga_latest
5353,Josip Brekalo,9,313,F M S,Real Oviedo,La-Liga,2025-2026,0.0,0.05876563534069175,0.0,0.2698396381954796,1.4376996805111821,2.587859424920128,0.2875399361022364,0.0,0.0,0.05876563534069175,0.4914999951998265,0.192829875555187,Jornada_14,14,2025-12-04 15:13:25,laliga_latest
13699,Kwasi Sibo,7,312,M S,Real Oviedo,La-Liga,2025-2026,0.0,0.019554670613545613,0.0,0.004747895201524846,0.5769230769230769,0.28846153846153844,0.0,0.0,0.0,0.019554670613545613,0.28236693469807506,0.2580643667337986,Jornada_14,14,2025-12-04 15:13:25,laliga_latest
7236,Leander Dendoncker,13,1133,M,Real Oviedo,La-Liga,2025-2026,0.0794351279788173,0.03350538059424638,0.0,0.03420619107454041,0.5560458958517212,0.5560458958517212,0.1588702559576346,0.0,0.0794351279788173,0.03350538059424638,0.155115241903256,0.10462860339251326,Jornada_14,14,2025-12-04 15:13:25,laliga_latest
14018,Lucas Ahijado,5,367,D S,Real Oviedo,La-Liga,2025-2026,0.0,0.08308467102473048,0.24523160762942778,0.19652145861442474,0.7356948228882834,0.7356948228882834,0.24523160762942778,0.0,0.0,0.08308467102473048,0.33663552812724407,0.2438621996960295,Jornada_14,14,2025-12-04 15:13:25,laliga_latest
10388,Luka Ilic,12,537,F M S,Real Oviedo,La-Liga,2025-2026,0.16759776536312848,0.19478405872620017,0.0,0.009905791232705782,0.6703910614525139,0.16759776536312848,0.33519553072625696,0.16759776536312848,0.16759776536312848,0.19478405872620017,0.1812167041128574,0.07340564990842809,Jornada_14,14,2025-12-04 15:13:25,laliga_latest
5162,Nacho Vidal,11,893,D,Real Oviedo,La-Liga,2025-2026,0.0,0.052602760835831264,0.0,0.0020956804126934913,0.503919372900336,0.10078387458006718,0.20156774916013437,0.0,0.0,0.052602760835831264,0.1588861624035496,0.10719664849566186,Jornada_14,14,2025-12-04 15:13:25,laliga_latest
13698,Rahim Alhassane,13,875,D S,Real Oviedo,La-Liga,2025-2026,0.0,0.0,0.0,0.08420102138604436,0.0,0.822857142857143,0.0,0.0,0.0,0.0,0.24529877351863041,0.21292423329183033,Jornada_14,14,2025-12-04 15:13:25,laliga_latest
813,Salomón Rondón,13,878,F S,Real Oviedo,La-Liga,2025-2026,0.20501138952164008,0.37333778916075316,0.0,0.019833005727152065,2.2551252847380407,0.5125284738041003,0.20501138952164008,0.0,0.20501138952164008,0.2971476006506176,0.3026814318361749,0.032051553809697104,Jornada_14,14,2025-12-04 15:13:25,laliga_latest
965,Santiago Cazorla,9,313,M S,Real Oviedo,La-Liga,2025-2026,0.0,0.03453216958826721,0.0,0.20388116101963452,0.5750798722044728,2.0127795527156547,0.0,0.0,0.0,0.03453216958826721,0.30201580208806567,0.27511776279146305,Jornada_14,14,2025-12-04 15:13:25,laliga_latest
13953,Santiago Colombatto,10,709,M S,Real Oviedo,La-Liga,2025-2026,0.0,0.03839761322188193,0.12693935119887165,0.15044119122355376,0.6346967559943583,1.1424541607898449,0.38081805359661497,0.0,0.0,0.03839761322188193,0.3012021067742736,0.2535525302708737,Jornada_14,14,2025-12-04 15:13:25,laliga_latest
7306,Aihen Muñoz,10,458,D S,Real Sociedad,La-Liga,2025-2026,0.0,0.023455524727637057,0.0,0.0340621409262632,0.5895196506550218,0.3930131004366812,0.1965065502183406,0.0,0.0,0.023455524727637057,0.4141461147263843,0.3660132129184544,Jornada_14,14,2025-12-04 15:13:25,laliga_latest
7308,Ander Barrenetxea,13,919,F M S,Real Sociedad,La-Liga,2025-2026,0.29379760609357997,0.13660386272617928,0.29379760609357997,0.3802720889432904,1.7627856365614798,2.252448313384113,0.19586507072905332,0.0,0.29379760609357997,0.13660386272617928,0.6745002758653755,0.40536962175930286,Jornada_14,14,2025-12-04 15:13:25,laliga_latest
6227,Brais Méndez,13,837,F M S,Real Sociedad,La-Liga,2025-2026,0.3225806451612903,0.25234959659076506,0.2150537634408602,0.1574200455860425,1.935483870967742,1.7204301075268815,0.3225806451612903,0.0,0.3225806451612903,0.25234959659076506,0.581042492581952,0.2763151902184692,Jornada_14,14,2025-12-04 15:13:25,laliga_latest
2478,Carlos Soler,11,616,M S,Real Sociedad,La-Liga,2025-2026,0.29220779220779225,0.1512072951375664,0.14610389610389612,0.19105843777840886,1.7532467532467533,1.607142857142857,0.29220779220779225,0.0,0.29220779220779225,0.1512072951375664,0.4110521596989461,0.2524669313283226,Jornada_14,14,2025-12-04 15:13:25,laliga_latest
7007,Duje Caleta-Car,9,792,D,Real Sociedad,La-Liga,2025-2026,0.0,0.09985270317305218,0.0,0.022350001699206503,0.5681818181818181,0.34090909090909094,0.34090909090909094,0.0,0.0,0.09985270317305218,0.331949916752902,0.3095999123020606,Jornada_14,14,2025-12-04 15:13:25,laliga_latest
5682,Gonçalo Guedes,14,623,M S,Real Sociedad,La-Liga,2025-2026,0.28892455858747995,0.17084569749489642,0.14446227929373998,0.05566974402215468,2.0224719101123596,1.1556982343499198,0.0,0.0,0.28892455858747995,0.17084569749489642,0.5462629130980176,0.3596457017415217,Jornada_14,14,2025-12-04 15:13:25,laliga_latest
2417,Igor Zubeldia,12,1080,D,Real Sociedad,La-Liga,2025-2026,0.0,0.01720564533025026,0.0,0.018776166097571448,0.33333333333333337,0.33333333333333337,0.33333333333333337,0.0,0.0,0.01720564533025026,0.23585235389570394,0.23585235389570394,Jornada_14,14,2025-12-04 15:13:25,laliga_latest
12182,Jon Aramburu,13,1088,D S,Real Sociedad,La-Liga,2025-2026,0.0,0.10910409761195564,0.0,0.021141285936156398,0.9926470588235294,0.4963235294117647,0.24816176470588236,0.0,0.0,0.10910409761195564,0.2526053827536731,0.2408775030327139,Jornada_14,14,2025-12-04 15:13:25,laliga_latest
13936,Jon Gorrotxategi,13,1068,M S,Real Sociedad,La-Liga,2025-2026,0.08426966292134831,0.05965790598852078,0.08426966292134831,0.04060257820077659,0.7584269662921348,0.6741573033707865,0.33707865168539325,0.0,0.08426966292134831,0.05965790598852078,0.3434304591645016,0.30464101980408925,Jornada_14,14,2025-12-04 15:13:25,laliga_latest
12353,Jon Martín,6,540,D,Real Sociedad,La-Liga,2025-2026,0.0,0.036913293103377015,0.0,0.0057883424063523495,0.5,0.16666666666666669,0.5,0.0,0.0,0.036913293103377015,0.2949610861639182,0.2783762626349926,Jornada_14,14,2025-12-04 15:13:25,laliga_latest
2234,Mikel Oyarzabal,13,1150,F,Real Sociedad,La-Liga,2025-2026,0.391304347826087,0.5322419001032477,0.2347826086956522,0.2943063826988572,3.0521739130434784,1.8,0.0782608695652174,0.0,0.1565217391304348,0.35773324341229773,0.7232379139765449,0.2610172971111277,Jornada_14,14,2025-12-04 15:13:25,laliga_latest
11185,Pablo Marín,13,555,M S,Real Sociedad,La-Liga,2025-2026,0.0,0.07741914508310523,0.0,0.011944233465033599,0.972972972972973,0.32432432432432434,0.16216216216216217,0.0,0.0,0.07741914508310523,0.21834926871029106,0.13695677410106402,Jornada_14,14,2025-12-04 15:13:25,laliga_latest
2555,Remiro,14,1260,GK,Real Sociedad,La-Liga,2025-2026,0.0,0.0,0.0,0.00802559618438993,0.0,0.2142857142857143,0.0,0.0,0.0,0.0,0.19092508618320744,0.18289948946663317,Jornada_14,14,2025-12-04 15:13:25,laliga_latest
6656,Sergio Gómez,14,926,D M S,Real Sociedad,La-Liga,2025-2026,0.0,0.05141627477968743,0.0,0.183758484300218,0.38876889848812096,1.3606911447084233,0.09719222462203024,0.0,0.0,0.05141627477968743,0.38110945055957235,0.23902892670141576,Jornada_14,14,2025-12-04 15:13:25,laliga_latest
8001,Takefusa Kubo,12,685,F M S,Real Sociedad,La-Liga,2025-2026,0.1313868613138686,0.19096047773848485,0.1313868613138686,0.16781878264716074,2.1021897810218975,1.7080291970802919,0.0,0.0,0.1313868613138686,0.19096047773848485,0.5126665887171334,0.3204521131667778,Jornada_14,14,2025-12-04 15:13:25,laliga_latest
11783,Akor Adams,12,644,F S,Sevilla,La-Liga,2025-2026,0.2795031055900621,0.4129138918049773,0.13975155279503104,0.014448031488088712,2.934782608695652,0.4192546583850932,0.13975155279503104,0.0,0.2795031055900621,0.4129138918049773,0.45531292122019373,0.0835211922397247,Jornada_14,14,2025-12-04 15:13:25,laliga_latest
498,Alexis Sánchez,9,430,F M S,Sevilla,La-Liga,2025-2026,0.41860465116279066,0.21217834213098816,0.20930232558139533,0.10613622551047525,1.255813953488372,2.0930232558139537,0.0,0.0,0.20930232558139533,0.05660860799252987,0.30161076402941417,0.19435913020441697,Jornada_14,14,2025-12-04 15:13:25,laliga_latest
13600,Andrés Castrín,6,424,D S,Sevilla,La-Liga,2025-2026,0.0,0.027639705266030313,0.0,0.007062489606158894,0.6367924528301887,0.2122641509433962,0.4245283018867924,0.0,0.0,0.027639705266030313,0.19759896439763736,0.19759896439763736,Jornada_14,14,2025-12-04 15:13:25,laliga_latest
8283,Batista Mendy,10,730,M S,Sevilla,La-Liga,2025-2026,0.0,0.011937751294407115,0.0,0.022347804975427987,0.4931506849315069,0.3698630136986301,0.24657534246575344,0.0,0.0,0.011937751294407115,0.24485845726034414,0.2133867694958024,Jornada_14,14,2025-12-04 15:13:25,laliga_latest
8694,Chidera Ejuke,11,372,F M S,Sevilla,La-Liga,2025-2026,0.0,0.14879430201084864,0.24193548387096775,0.18009204297296463,2.1774193548387095,1.4516129032258065,0.0,0.0,0.0,0.14879430201084864,0.44425053972630735,0.2503844328044403,Jornada_14,14,2025-12-04 15:13:25,laliga_latest
681,César Azpilicueta,8,591,D,Sevilla,La-Liga,2025-2026,0.0,0.0,0.0,0.003536779357848426,0.0,0.15228426395939085,0.3045685279187817,0.0,0.0,0.0,0.17161761689458402,0.16808083838769022,Jornada_14,14,2025-12-04 15:13:25,laliga_latest
2624,Djibril Sow,10,719,M S,Sevilla,La-Liga,2025-2026,0.12517385257301808,0.031998457441492434,0.0,0.08077883965987323,0.6258692628650905,0.7510431154381085,0.25034770514603616,0.0,0.12517385257301808,0.031998457441492434,0.25754631068220724,0.1837227358035899,Jornada_14,14,2025-12-04 15:13:25,laliga_latest
11343,Gabriel Suazo,11,924,D S,Sevilla,La-Liga,2025-2026,0.0,0.01580006309917995,0.19480519480519481,0.12421191948187817,0.19480519480519481,2.24025974025974,0.29220779220779225,0.0,0.0,0.01580006309917995,0.2561882212032358,0.20539504675460715,Jornada_14,14,2025-12-04 15:13:25,laliga_latest
12305,Isaac Romero,11,673,F S,Sevilla,La-Liga,2025-2026,0.40118870728083206,0.368282678101162,0.0,0.08166271700547319,2.139673105497771,0.5349182763744428,0.40118870728083206,0.1337295690936107,0.40118870728083206,0.368282678101162,0.5538141793318171,0.12294251903515159,Jornada_14,14,2025-12-04 15:13:25,laliga_latest
9809,José Ángel Carmona,12,1004,D S,Sevilla,La-Liga,2025-2026,0.08964143426294821,0.04550156109331851,0.2689243027888446,0.11237770727134322,0.7171314741035857,0.6274900398406374,0.5378486055776892,0.0,0.08964143426294821,0.04550156109331851,0.329384628546042,0.23024909237243854,Jornada_14,14,2025-12-04 15:13:25,laliga_latest
8409,Juanlu Sanchez,12,862,D M S,Sevilla,La-Liga,2025-2026,0.0,0.04783569701154242,0.10440835266821345,0.07792116719754003,0.6264501160092807,0.9396751740139211,0.0,0.0,0.0,0.04783569701154242,0.24699987791772512,0.13410528585867926,Jornada_14,14,2025-12-04 15:13:25,laliga_latest
10334,Kike Salas,5,404,D S,Sevilla,La-Liga,2025-2026,0.0,0.023417586396162444,0.0,0.010723546331766802,0.44554455445544555,0.22277227722772278,0.0,0.0,0.0,0.023417586396162444,0.3987379241181482,0.39356407073169647,Jornada_14,14,2025-12-04 15:13:25,laliga_latest
8165,Lucien Agoume,11,800,M S,Sevilla,La-Liga,2025-2026,0.1125,0.021037300396710625,0.1125,0.10651552439667285,0.225,0.9,0.45,0.0,0.1125,0.021037300396710625,0.4255924329394475,0.3583608573535457,Jornada_14,14,2025-12-04 15:13:25,laliga_latest
10999,Marcão,12,864,D S,Sevilla,La-Liga,2025-2026,0.10416666666666666,0.09539900017747033,0.0,0.0,1.0416666666666665,0.0,0.3125,0.0,0.10416666666666666,0.09539900017747033,0.15099269861821085,0.15099269861821085,Jornada_14,14,2025-12-04 15:13:25,laliga_latest
7888,Nemanja Gudelj,11,610,M S,Sevilla,La-Liga,2025-2026,0.14754098360655737,0.0712442650597115,0.0,0.019371237239388155,1.7704918032786887,0.29508196721311475,0.29508196721311475,0.0,0.14754098360655737,0.0712442650597115,0.2509322423548972,0.23316800997394033,Jornada_14,14,2025-12-04 15:13:25,laliga_latest
7981,Nianzou Kouassi,5,308,D S,Sevilla,La-Liga,2025-2026,0.0,0.03733795347877523,0.0,0.0,0.8766233766233766,0.0,1.168831168831169,0.0,0.0,0.03733795347877523,0.2355139424371255,0.23111031257680484,Jornada_14,14,2025-12-04 15:13:25,laliga_latest
375,Odisseas Vlachodimos,10,900,GK,Sevilla,La-Liga,2025-2026,0.0,0.0,0.0,0.0,0.0,0.0,0.1,0.0,0.0,0.0,0.11740684714168309,0.11740684714168309,Jornada_14,14,2025-12-04 15:13:25,laliga_latest
12742,Peque,11,401,M S,Sevilla,La-Liga,2025-2026,0.22443890274314213,0.09007306523305222,0.0,0.08132241057821937,2.0199501246882794,2.2443890274314215,0.8977556109725685,0.0,0.22443890274314213,0.09007306523305222,0.3919700465334622,0.2885744917645419,Jornada_14,14,2025-12-04 15:13:25,laliga_latest
7810,Ruben Vargas,12,900,F M S,Sevilla,La-Liga,2025-2026,0.30000000000000004,0.22198394425213336,0.4,0.1764968678355217,2.2,1.1,0.1,0.0,0.2,0.1476561810821295,0.38655285760760316,0.14634124469012022,Jornada_14,14,2025-12-04 15:13:25,laliga_latest
250,Ørjan Nyland,4,360,GK,Sevilla,La-Liga,2025-2026,0.0,0.0,0.0,0.0,0.0,0.0,0.25,0.0,0.0,0.0,0.1922026425600052,0.1922026425600052,Jornada_14,14,2025-12-04 15:13:25,laliga_latest
11057,André Almeida,8,403,F M S,Valencia,La-Liga,2025-2026,0.0,0.02502577799943184,0.0,0.15620444242659928,0.8933002481389578,1.1166253101736974,0.0,0.0,0.0,0.02502577799943184,0.472803336265439,0.3356210336495865,Jornada_14,14,2025-12-04 15:13:25,laliga_latest
8066,Arnaut Danjuma Groeneveld,14,1008,F M S,Valencia,La-Liga,2025-2026,0.26785714285714285,0.37577445036731655,0.08928571428571427,0.05806983631503369,2.142857142857143,0.3571428571428571,0.0,0.0,0.26785714285714285,0.3094103781040758,0.40209459772865686,0.08858764876744576,Jornada_14,14,2025-12-04 15:13:25,laliga_latest
5654,Baptiste Santamaria,14,635,M S,Valencia,La-Liga,2025-2026,0.14173228346456693,0.07318394678080176,0.14173228346456693,0.1052308121886779,0.8503937007874016,0.5669291338582677,0.28346456692913385,0.0,0.14173228346456693,0.07318394678080176,0.28573547212744327,0.2509082819181164,Jornada_14,14,2025-12-04 15:13:25,laliga_latest
10982,Copete,11,880,D S,Valencia,La-Liga,2025-2026,0.0,0.17499317393892191,0.0,0.0018294677138328544,0.7159090909090908,0.10227272727272727,0.20454545454545453,0.0,0.0,0.17499317393892191,0.08405488046859814,0.07881431610704484,Jornada_14,14,2025-12-04 15:13:25,laliga_latest
10107,César Tárrega,14,1260,D,Valencia,La-Liga,2025-2026,0.0,0.014471855480223894,0.0,0.006439998080687858,0.2857142857142857,0.14285714285714285,0.2857142857142857,0.0,0.0,0.014471855480223894,0.12072229724643485,0.116071573525135,Jornada_14,14,2025-12-04 15:13:25,laliga_latest
9694,Diego López,14,1075,F M S,Valencia,La-Liga,2025-2026,0.25116279069767444,0.21985895891002444,0.0,0.08040583357214927,1.5069767441860467,0.586046511627907,0.16744186046511628,0.0,0.25116279069767444,0.21985895891002444,0.3417631285828213,0.05892389447883118,Jornada_14,14,2025-12-04 15:13:25,laliga_latest
2509,Dimitri Foulquier,8,633,D S,Valencia,La-Liga,2025-2026,0.0,0.004283920795572867,0.0,0.009697523515371342,0.14218009478672985,0.14218009478672985,0.0,0.0,0.0,0.004283920795572867,0.2560490020219749,0.24635147824177245,Jornada_14,14,2025-12-04 15:13:25,laliga_latest
6637,Hugo Duro,14,705,F S,Valencia,La-Liga,2025-2026,0.5106382978723405,0.32237397292827036,0.0,0.10783186507351854,1.5319148936170213,0.7659574468085106,0.12765957446808512,0.0,0.5106382978723405,0.32237397292827036,0.452487495192822,0.10507462245035679,Jornada_14,14,2025-12-04 15:13:25,laliga_latest
10322,Javier Guerra,14,860,M S,Valencia,La-Liga,2025-2026,0.0,0.11240699062080577,0.20930232558139533,0.13627339267106942,1.255813953488372,1.0465116279069768,0.20930232558139533,0.0,0.0,0.11240699062080577,0.3564218960832371,0.22298119059049118,Jornada_14,14,2025-12-04 15:13:25,laliga_latest
9217,Jesús Vázquez,9,347,D S,Valencia,La-Liga,2025-2026,0.0,0.04452701513078438,0.0,0.06113742201747399,1.296829971181556,1.037463976945245,0.0,0.0,0.0,0.04452701513078438,0.2657178598818415,0.21857693834332295,Jornada_14,14,2025-12-04 15:13:25,laliga_latest
2505,José Gayá,12,938,D,Valencia,La-Liga,2025-2026,0.0,0.008874890078772608,0.09594882729211088,0.12285483387439872,0.3837953091684435,0.9594882729211087,0.3837953091684435,0.09594882729211088,0.0,0.008874890078772608,0.23583228525115868,0.10724431548172286,Jornada_14,14,2025-12-04 15:13:25,laliga_latest
9824,Julen Agirrezabala,14,1260,GK,Valencia,La-Liga,2025-2026,0.0,0.0,0.0,0.0009574194970939787,0.0,0.07142857142857142,0.07142857142857142,0.0,0.0,0.0,0.046530921677393575,0.046530921677393575,Jornada_14,14,2025-12-04 15:13:25,laliga_latest
11900,Lucas Beltrán,11,418,F S,Valencia,La-Liga,2025-2026,0.0,0.1656324753279321,0.0,0.17029119004900944,1.291866028708134,1.076555023923445,0.0,0.0,0.0,0.1656324753279321,0.6312301760298784,0.29530650182988083,Jornada_14,14,2025-12-04 15:13:25,laliga_latest
7870,Luis Rioja,14,964,M S,Valencia,La-Liga,2025-2026,0.09336099585062241,0.09257514738860342,0.2800829875518672,0.14514222634855767,1.6804979253112033,1.120331950207469,0.09336099585062241,0.0,0.09336099585062241,0.09257514738860342,0.2752347264237919,0.1319306131831034,Jornada_14,14,2025-12-04 15:13:25,laliga_latest
5666,Mouctar Diakhaby,7,449,D S,Valencia,La-Liga,2025-2026,0.20044543429844097,0.12671493889892554,0.0,0.011034430168519304,0.8017817371937639,0.20044543429844097,0.6013363028953229,0.0,0.20044543429844097,0.12671493889892554,0.16227868574366536,0.15124425706858094,Jornada_14,14,2025-12-04 15:13:25,laliga_latest
2551,Pepelu,12,902,M S,Valencia,La-Liga,2025-2026,0.0,0.047436860243391304,0.0,0.047426898602371474,0.8980044345898004,1.0975609756097562,0.09977827050997783,0.0,0.0,0.047436860243391304,0.17758577385764493,0.14373349103283656,Jornada_14,14,2025-12-04 15:13:25,laliga_latest
8058,Thierry Correia,9,620,D S,Valencia,La-Liga,2025-2026,0.0,0.009488022375491349,0.0,0.048672134297028664,0.2903225806451613,0.5806451612903226,0.2903225806451613,0.0,0.0,0.009488022375491349,0.27117814778560595,0.2588768888625406,Jornada_14,14,2025-12-04 15:13:25,laliga_latest
12160,Alberto Moleiro,14,852,F M S,Villarreal,La-Liga,2025-2026,0.6338028169014085,0.351665288498494,0.2112676056338028,0.18237895174870186,2.323943661971831,1.3732394366197183,0.2112676056338028,0.0,0.6338028169014085,0.351665288498494,0.6323800836755357,0.1815765263827544,Jornada_14,14,2025-12-04 15:13:25,laliga_latest
2521,Alfonso,11,618,D S,Villarreal,La-Liga,2025-2026,0.0,0.044915764909056785,0.29126213592233013,0.3439327068988559,0.7281553398058251,1.3106796116504855,0.4368932038834951,0.0,0.0,0.044915764909056785,0.4408997717738441,0.2965462186997666,Jornada_14,14,2025-12-04 15:13:25,laliga_latest
2378,Daniel Parejo,11,360,M S,Villarreal,La-Liga,2025-2026,0.0,0.02436507679522037,0.0,0.14990869699977338,0.25,1.75,0.5,0.0,0.0,0.02436507679522037,0.4391249995678663,0.3157518729567528,Jornada_14,14,2025-12-04 15:13:25,laliga_latest
8187,Georges Mikautadze,9,473,F S,Villarreal,La-Liga,2025-2026,0.3805496828752643,0.6258142435525488,0.3805496828752643,0.23657519263993113,2.854122621564482,0.9513742071881607,0.0,0.0,0.3805496828752643,0.6258142435525488,0.817499340021585,0.042261305574256815,Jornada_14,14,2025-12-04 15:13:25,laliga_latest
2120,Gerard Moreno,7,460,F,Villarreal,La-Liga,2025-2026,0.782608695652174,0.41552901883488136,0.0,0.3727877331978601,2.3478260869565215,2.1521739130434785,0.0,0.0,0.5869565217391304,0.2701051387449969,0.8377919843339402,0.4295849668105011,Jornada_14,14,2025-12-04 15:13:25,laliga_latest
6306,Juan Foyth,8,647,D,Villarreal,La-Liga,2025-2026,0.0,0.010256475266616159,0.0,0.0,0.2782071097372488,0.0,0.1391035548686244,0.0,0.0,0.010256475266616159,0.370432594920605,0.370432594920605,Jornada_14,14,2025-12-04 15:13:25,laliga_latest
12917,Luiz Júnior,11,990,GK,Villarreal,La-Liga,2025-2026,0.0,0.0,0.0,0.0,0.0,0.0,0.2727272727272727,0.0,0.0,0.0,0.17168936336582358,0.17168936336582358,Jornada_14,14,2025-12-04 15:13:25,laliga_latest
5656,Nicolas Pepe,13,849,F M S,Villarreal,La-Liga,2025-2026,0.21201413427561835,0.5061005390917244,0.10600706713780918,0.30255059517472455,2.968197879858657,2.756183745583039,0.10600706713780918,0.0,0.21201413427561835,0.5061005390917244,1.1221050084058473,0.45646945409503087,Jornada_14,14,2025-12-04 15:13:25,laliga_latest
8696,Pape Alassane Gueye,13,791,M S,Villarreal,La-Liga,2025-2026,0.22756005056890014,0.1498700629133265,0.11378002528445007,0.11110215493761633,2.275600505689001,1.1378002528445006,0.5689001264222503,0.0,0.22756005056890014,0.1498700629133265,0.7324836822991954,0.5310846703167058,Jornada_14,14,2025-12-04 15:13:25,laliga_latest
12914,Pau Navarro,4,333,D,Villarreal,La-Liga,2025-2026,0.0,0.0061293530303078644,0.0,0.0,0.2702702702702703,0.0,0.5405405405405406,0.0,0.0,0.0061293530303078644,0.21586429025675802,0.20973493924012057,Jornada_14,14,2025-12-04 15:13:25,laliga_latest
10200,Rafa Marín,11,982,D,Villarreal,La-Liga,2025-2026,0.09164969450101833,0.016932347808374652,0.0,0.010287202287715708,0.27494908350305497,0.18329938900203666,0.09164969450101833,0.0,0.09164969450101833,0.016932347808374652,0.4297199736817791,0.4297199736817791,Jornada_14,14,2025-12-04 15:13:25,laliga_latest
11383,Renato Veiga,12,871,D S,Villarreal,La-Liga,2025-2026,0.0,0.008713280991677848,0.0,0.0027794764301259474,0.4133180252583238,0.10332950631458095,0.10332950631458095,0.0,0.0,0.008713280991677848,0.4816658519225539,0.47483640520840914,Jornada_14,14,2025-12-04 15:13:25,laliga_latest
7070,Santiago Comesaña,13,895,M S,Villarreal,La-Liga,2025-2026,0.20111731843575417,0.25146987459846043,0.20111731843575417,0.13370024546065146,1.6089385474860334,1.2067039106145252,0.20111731843575417,0.0,0.20111731843575417,0.25146987459846043,0.8770908805536491,0.5972212243554645,Jornada_14,14,2025-12-04 15:13:25,laliga_latest
13003,Santiago Mouriño,10,888,D,Villarreal,La-Liga,2025-2026,0.0,0.029687195122745393,0.10135135135135136,0.008749101323553832,0.5067567567567567,0.30405405405405406,0.40540540540540543,0.10135135135135136,0.0,0.029687195122745393,0.4510028440681462,0.4432377160677837,Jornada_14,14,2025-12-04 15:13:25,laliga_latest
11744,Sergi Cardona,11,736,D S,Villarreal,La-Liga,2025-2026,0.0,0.026429711395631664,0.24456521739130435,0.22851656231543288,0.4891304347826087,1.1005434782608696,0.12228260869565218,0.0,0.0,0.026429711395631664,0.7436084115634795,0.693002190116955,Jornada_14,14,2025-12-04 15:13:25,laliga_latest
12322,Tajon Buchanan,14,811,F M S,Villarreal,La-Liga,2025-2026,0.4438964241676942,0.1433562228293072,0.0,0.16744810118628195,0.9987669543773119,0.8877928483353884,0.4438964241676942,0.0,0.4438964241676942,0.1433562228293072,0.5115532661695148,0.2054547611853675,Jornada_14,14,2025-12-04 15:13:25,laliga_latest
13996,Tani Oluwaseyi,11,430,F S,Villarreal,La-Liga,2025-2026,0.41860465116279066,0.7245824670549049,0.20930232558139533,0.36924972385168076,2.7209302325581395,0.8372093023255813,0.0,0.0,0.41860465116279066,0.7245824670549049,1.1421083446678728,0.04827616311783013,Jornada_14,14,2025-12-04 15:13:25,laliga_latest
2328,Thomas Partey,12,622,M S,Villarreal,La-Liga,2025-2026,0.0,0.04712691207167803,0.0,0.027230547028339172,1.157556270096463,0.7234726688102894,0.0,0.0,0.0,0.04712691207167803,0.32571765243815454,0.26857950598887875,Jornada_14,14,2025-12-04 15:13:25,laliga_latest
