id,player_name,games,time,goals,xG,assists,xA,shots,key_passes,yellow_cards,red_cards,position,team_title,npg,npxG,xGChain,xGBuildup,league,season,jornada,fecha_descarga
3423,Kylian Mbappe-Lottin,15,1321,16,13.543287087231874,4,5.405958216637373,71,43,3,0,F,Real Madrid,12,9.826898861676455,16.727373838424683,5.192305840551853,La-Liga,2025-2026,14,2025-12-04 15:13:25
227,Robert Lewandowski,12,634,8,8.373008079826832,1,1.3970622569322586,31,6,1,0,F S,Barcelona,7,6.143175296485424,9.182349890470505,2.505249008536339,La-Liga,2025-2026,14,2025-12-04 15:13:25
6441,Ferrán Torres,14,863,8,6.98558184504509,1,1.992237538099289,32,15,1,0,F M S,Barcelona,8,6.98558184504509,10.561245143413544,2.1472349986433983,La-Liga,2025-2026,14,2025-12-04 15:13:25
9002,Vedat Muriqi,13,1011,8,5.700732242316008,0,0.12538825068622828,33,4,1,1,F S,Mallorca,6,4.214176993817091,5.518080294132233,1.826283144298941,La-Liga,2025-2026,14,2025-12-04 15:13:25
10846,Julián Álvarez,15,1147,7,7.0463282242417336,2,4.1172824539244175,32,29,2,0,F S,Atletico Madrid,5,4.816495381295681,10.994536340236664,4.514826696366072,La-Liga,2025-2026,14,2025-12-04 15:13:25
10930,Etta Eyong,14,1168,6,7.822314754128456,3,2.3121059257537127,31,10,2,0,F,"Levante,Villarreal",6,7.079037129878998,7.616598501801491,0.635459927842021,La-Liga,2025-2026,14,2025-12-04 15:13:25
12160,Alberto Moleiro,14,852,6,3.3290980644524097,2,1.7265207432210445,22,13,2,0,F M S,Villarreal,6,3.3290980644524097,5.986531458795071,1.7189244497567415,La-Liga,2025-2026,14,2025-12-04 15:13:25
2234,Mikel Oyarzabal,13,1150,5,6.800868723541498,3,3.7605815567076206,39,23,1,0,F,Real Sociedad,2,4.571035888046026,9.241373345255852,3.335221018642187,La-Liga,2025-2026,14,2025-12-04 15:13:25
2543,Borja Iglesias,14,831,5,4.704903803765774,2,1.1083821803331375,22,13,2,0,F S,Celta Vigo,4,3.961626198142767,6.317554268985987,1.7935277037322521,La-Liga,2025-2026,14,2025-12-04 15:13:25
4175,Pere Milla,12,856,5,4.608182176947594,0,1.9138438664376736,39,16,4,1,F M S,Espanyol,5,4.608182176947594,5.762451769784093,1.6800705902278423,La-Liga,2025-2026,14,2025-12-04 15:13:25
6954,Juan Camilo Hernández,14,1228,5,4.0423832684755325,2,2.2095940187573433,42,16,2,0,F,Real Betis,5,4.0423832684755325,8.391085244715214,2.455325392074883,La-Liga,2025-2026,14,2025-12-04 15:13:25
7008,Vinícius Júnior,15,1094,5,6.1417892053723335,4,3.412137348204851,45,29,1,0,F M S,Real Madrid,4,4.655233949422836,11.255356803536415,3.5319702178239822,La-Liga,2025-2026,14,2025-12-04 15:13:25
11527,Lamine Yamal,11,906,5,5.191696964204311,7,3.8384719118475914,51,20,0,0,F M S,Barcelona,4,4.448419347405434,11.34832138568163,5.344599701464176,La-Liga,2025-2026,14,2025-12-04 15:13:25
1235,Ante Budimir,13,998,4,4.365839213132858,0,0.19013910740613937,30,3,0,0,F S,Osasuna,2,2.136006359010935,2.5760223772376776,0.6775475945323706,La-Liga,2025-2026,14,2025-12-04 15:13:25
2120,Gerard Moreno,7,460,4,2.1238149851560593,0,1.9053595252335072,12,11,0,0,F,Villarreal,3,1.3805373758077621,4.282047919929028,2.1956564970314503,La-Liga,2025-2026,14,2025-12-04 15:13:25
2252,Borja Mayoral,11,852,4,2.3829636070877314,1,0.5318673253059387,9,4,0,0,F S,Getafe,4,2.3829636070877314,2.2087222412228584,0.3407398387789726,La-Liga,2025-2026,14,2025-12-04 15:13:25
2270,Antoine Griezmann,15,570,4,3.9698456954210997,0,1.3769663199782372,23,13,0,0,F S,Atletico Madrid,4,3.9698456954210997,7.675690561532974,2.974043034017086,La-Liga,2025-2026,14,2025-12-04 15:13:25
2589,Rafa Mir,14,985,4,3.9369964953511953,0,0.27359805814921856,37,4,1,0,F M S,Elche,4,3.1938468273729086,4.17830609716475,0.9298793226480484,La-Liga,2025-2026,14,2025-12-04 15:13:25
6170,André Silva,13,767,4,3.723447439260781,0,1.144152708351612,22,14,0,0,F S,Elche,4,3.723447439260781,5.589271530508995,1.0289426632225513,La-Liga,2025-2026,14,2025-12-04 15:13:25
6531,Alexander Sørloth,14,608,4,4.117808185517788,0,0.5446119271218777,21,6,2,1,F S,Atletico Madrid,4,4.117808185517788,3.9056451162323356,0.16161990445107222,La-Liga,2025-2026,14,2025-12-04 15:13:25
6637,Hugo Duro,14,705,4,2.525262787938118,0,0.8446829430758953,12,6,1,0,F S,Valencia,4,2.525262787938118,3.544485379010439,0.8230845425277948,La-Liga,2025-2026,14,2025-12-04 15:13:25
8026,Raphinha,9,547,4,3.4448706563562155,3,2.452317403629422,24,18,2,0,F M S,Barcelona,4,3.4448706563562155,9.070258617401123,3.9861635267734528,La-Liga,2025-2026,14,2025-12-04 15:13:25
8107,Jorge De Frutos,13,1054,4,5.069919874891639,1,1.4573781061917543,23,14,1,0,F M,Rayo Vallecano,4,5.069919874891639,7.1704619992524385,1.182276401668787,La-Liga,2025-2026,14,2025-12-04 15:13:25
8292,Dani Olmo,13,829,4,3.6718324925750494,2,2.3896682802587748,32,24,0,0,M S,Barcelona,4,3.6718324925750494,9.774112328886986,5.212399058043957,La-Liga,2025-2026,14,2025-12-04 15:13:25
9275,Iván Romero,11,855,4,4.515374571084976,0,0.887079942971468,24,8,1,0,F M S,Levante,4,4.515374571084976,5.449895307421684,0.6052074283361435,La-Liga,2025-2026,14,2025-12-04 15:13:25
11094,Antony,9,784,4,2.7949866577982903,1,1.5653944350779057,32,15,1,1,M,Real Betis,4,2.7949866577982903,6.662225842475891,3.398913696408272,La-Liga,2025-2026,14,2025-12-04 15:13:25
11822,Fermín López,9,551,4,2.1362949535250664,2,2.550870466977358,22,10,1,0,M S,Barcelona,4,2.1362949535250664,7.071773082017899,3.399747781455517,La-Liga,2025-2026,14,2025-12-04 15:13:25
12322,Tajon Buchanan,14,811,4,1.2917988523840904,0,1.508893445134163,9,8,4,0,F M S,Villarreal,4,1.2917988523840904,4.609663320705295,1.851375681348145,La-Liga,2025-2026,14,2025-12-04 15:13:25
1709,Cristhian Stuani,9,184,3,2.948501229286194,0,0,5,0,2,0,F S,Girona,0,0.7186683118343353,1.2280937135219574,0.5094254016876221,La-Liga,2025-2026,14,2025-12-04 15:13:25
2335,Pablo Fornals,14,1170,3,1.9051423976197839,4,2.2277872124686837,18,27,1,0,M,Real Betis,3,1.9051423976197839,9.74122417718172,6.267546623945236,La-Liga,2025-2026,14,2025-12-04 15:13:25
5074,Kike García,13,531,3,4.56639046035707,0,1.1045650411397219,22,9,1,0,F S,Espanyol,2,3.823112851008773,5.480058073997498,0.782366756349802,La-Liga,2025-2026,14,2025-12-04 15:13:25
6227,Brais Méndez,13,837,3,2.346851248294115,2,1.4640064239501953,18,16,3,0,F M S,Real Sociedad,3,2.346851248294115,5.403695181012154,2.569731269031763,La-Liga,2025-2026,14,2025-12-04 15:13:25
7071,Álvaro García,14,971,3,4.118037693202496,1,2.9915961707010865,22,12,2,0,M S,Rayo Vallecano,3,4.118037693202496,7.8899518083781,0.7976717762649059,La-Liga,2025-2026,14,2025-12-04 15:13:25
7308,Ander Barrenetxea,13,919,3,1.3948772205039859,3,3.8830005526542664,18,23,2,0,F M S,Real Sociedad,3,1.3948772205039859,6.887397261336446,4.139274248853326,La-Liga,2025-2026,14,2025-12-04 15:13:25
7810,Ruben Vargas,12,900,3,2.2198394425213337,4,1.764968678355217,22,11,1,0,F M S,Sevilla,2,1.4765618108212948,3.8655285760760307,1.4634124469012022,La-Liga,2025-2026,14,2025-12-04 15:13:25
8066,Arnaut Danjuma Groeneveld,14,1008,3,4.208673844113946,1,0.6503821667283773,24,4,0,0,F M S,Valencia,3,3.465396234765649,4.503459494560957,0.9921816661953926,La-Liga,2025-2026,14,2025-12-04 15:13:25
8328,Azz-Eddine Ounahi,9,706,3,1.0866616442799568,0,1.1477115377783775,19,9,4,0,M S,Girona,3,1.0866616442799568,3.3326707631349564,2.260387022048235,La-Liga,2025-2026,14,2025-12-04 15:13:25
8765,Roberto Navarro,13,515,3,1.8151996619999409,0,0.7015889994800091,9,10,1,0,M S,Athletic Club,3,1.8151996619999409,2.4311279505491257,1.069814033806324,La-Liga,2025-2026,14,2025-12-04 15:13:25
8824,Jude Bellingham,11,749,3,3.924424611032009,2,1.8230429142713547,24,17,0,0,M S,Real Madrid,3,3.924424611032009,7.370507620275021,4.5090199541300535,La-Liga,2025-2026,14,2025-12-04 15:13:25
9211,Nico Williams,11,755,3,2.994301497936249,1,3.079337015748024,18,16,0,0,M S,Athletic Club,2,2.251023828983307,6.614992391318083,1.8115981593728065,La-Liga,2025-2026,14,2025-12-04 15:13:25
9694,Diego López,14,1075,3,2.626093120314181,0,0.960403012111783,18,7,2,0,F M S,Valencia,3,2.626093120314181,4.082170702517033,0.7038131840527058,La-Liga,2025-2026,14,2025-12-04 15:13:25
10095,Abdessamad Ezzalzouli,10,693,3,4.004012055695057,2,2.4432563986629248,23,10,1,0,M S,Real Betis,3,4.004012055695057,7.521498121321201,1.7297005150467157,La-Liga,2025-2026,14,2025-12-04 15:13:25
12190,Arda Güler,15,951,3,3.10103065520525,5,4.055510738864541,25,34,1,0,F M S,Real Madrid,3,3.10103065520525,6.840829811990261,3.00655609741807,La-Liga,2025-2026,14,2025-12-04 15:13:25
12294,Carlos Vicente,14,844,3,2.9019883181899786,0,1.9993517212569714,7,16,1,0,F M S,Alaves,0,0.6721554901450872,2.758326221257448,0.5892519988119602,La-Liga,2025-2026,14,2025-12-04 15:13:25
12305,Isaac Romero,11,673,3,2.7539360262453556,0,0.6106556504964828,16,4,3,1,F S,Sevilla,3,2.7539360262453556,4.1412993632256985,0.919336836785078,La-Liga,2025-2026,14,2025-12-04 15:13:25
13350,Roberto Fernández,14,961,3,3.3295906288549304,2,2.8685489939525723,29,12,1,0,F S,Espanyol,3,3.3295906288549304,6.4576197024434805,1.0082241110503674,La-Liga,2025-2026,14,2025-12-04 15:13:25
13789,Adrián Liso,11,941,3,1.9939789846539497,0,0.05602049455046654,17,1,1,0,F M,Getafe,3,1.9939789846539497,2.142150677740574,0.2006219457834959,La-Liga,2025-2026,14,2025-12-04 15:13:25
14041,Vladyslav Vanat,11,834,3,3.5561128705739975,0,1.1602645441889763,11,7,1,0,F,Girona,3,3.5561128705739975,5.0529997535049915,0.9155541658401489,La-Liga,2025-2026,14,2025-12-04 15:13:25
498,Alexis Sánchez,9,430,2,1.0137409679591656,1,0.5070952996611595,6,10,0,0,F M S,Sevilla,1,0.2704633492976427,1.441029205918312,0.9286047331988811,La-Liga,2025-2026,14,2025-12-04 15:13:25
556,Marcus Rashford,14,869,2,3.4163492200896144,6,3.238278476521373,41,24,2,0,F M S,Barcelona,2,3.4163492200896144,8.168256401084363,3.6463184896856546,La-Liga,2025-2026,14,2025-12-04 15:13:25
770,Ayoze Pérez,7,266,2,1.4615471959114075,2,1.0854987055063248,4,6,1,0,F S,Villarreal,2,1.4615471959114075,3.54787477850914,1.0008288957178593,La-Liga,2025-2026,14,2025-12-04 15:13:25
813,Salomón Rondón,13,878,2,3.642117543146014,0,0.19348198920488358,22,5,2,0,F S,Real Oviedo,2,2.8988399263471365,2.9528255239129066,0.3126807138323784,La-Liga,2025-2026,14,2025-12-04 15:13:25
1189,Lucas Boyé,10,733,2,2.5477659218013287,0,1.4654444232583046,21,14,0,1,F M S,Alaves,2,2.5477659218013287,4.4724703542888165,1.1155135091394186,La-Liga,2025-2026,14,2025-12-04 15:13:25
2290,Iago Aspas,12,538,2,2.43857685290277,1,1.128405014052987,13,16,1,0,F M S,Celta Vigo,1,1.695299243554473,4.466864462010562,2.020618631504476,La-Liga,2025-2026,14,2025-12-04 15:13:25
2478,Carlos Soler,11,616,2,1.0349299311637878,1,1.307688863016665,12,11,2,0,M S,Real Sociedad,2,1.0349299311637878,2.8134236708283424,1.7279958855360746,La-Liga,2025-2026,14,2025-12-04 15:13:25
3264,Mauro Arambarri,14,1243,2,2.7476841025054455,0,0.25299059599637985,25,5,2,0,M,Getafe,2,2.7476841025054455,2.5318079069256783,0.5187805974856019,La-Liga,2025-2026,14,2025-12-04 15:13:25
5656,Nicolas Pepe,13,849,2,4.774215085431933,1,2.8540606144815683,28,26,1,0,F M S,Villarreal,2,4.774215085431933,10.585190579295158,4.306028516963124,La-Liga,2025-2026,14,2025-12-04 15:13:25
5682,Gonçalo Guedes,14,623,2,1.1826318837702274,1,0.38535833917558193,14,8,0,0,M S,Real Sociedad,2,1.1826318837702274,3.7813532762229443,2.4895474687218666,La-Liga,2025-2026,14,2025-12-04 15:13:25
6400,Antonio Martínez,14,903,2,2.862729411572218,1,0.6223418563604355,23,3,0,0,F S,Alaves,2,2.862729411572218,2.9794528875499964,1.0728861670941114,La-Liga,2025-2026,14,2025-12-04 15:13:25
6933,Javi Puado,8,679,2,4.838970278389752,0,0.9579164311289787,15,10,2,0,F M,Espanyol,1,3.3524150969460607,3.2629179880023003,1.2333675622940063,La-Liga,2025-2026,14,2025-12-04 15:13:25
7070,Santiago Comesaña,13,895,2,2.5007281973958015,2,1.3295746631920338,16,12,2,0,M S,Villarreal,2,2.5007281973958015,8.722181534394622,5.9390332866460085,La-Liga,2025-2026,14,2025-12-04 15:13:25
7604,Alejandro Catena,13,1170,2,1.9243946140632033,1,0.22888796031475067,10,6,5,0,D,Osasuna,2,1.9243946140632033,1.7249794509261847,0.8478724118322134,La-Liga,2025-2026,14,2025-12-04 15:13:25
8042,Raul García,14,517,2,2.8088579438626766,0,0.31400410272181034,17,5,1,0,F S,Osasuna,2,2.8088579438626766,2.6699598878622055,0.2174640353769064,La-Liga,2025-2026,14,2025-12-04 15:13:25
8091,Ronald Araújo,11,648,2,0.7628793679177761,0,0.048510245978832245,6,1,2,0,D S,Barcelona,2,0.7628793679177761,2.9272006526589394,2.4092120975255966,La-Liga,2025-2026,14,2025-12-04 15:13:25
8187,Georges Mikautadze,9,473,2,3.2890015244483948,2,1.2433340679854155,15,5,0,0,F S,Villarreal,2,3.2890015244483948,4.2964131981134415,0.22210663929581642,La-Liga,2025-2026,14,2025-12-04 15:13:25
8417,Álex Baena,10,578,2,0.9869879838079214,1,1.9977876096963882,10,17,2,0,M S,Atletico Madrid,2,0.9869879838079214,5.131035566329956,2.9681988582015038,La-Liga,2025-2026,14,2025-12-04 15:13:25
8549,Ferrán Jutglà,11,606,2,2.0014010574668646,1,0.9124230593442917,19,8,2,0,F M S,Celta Vigo,2,2.0014010574668646,2.830774746835232,1.3462195172905922,La-Liga,2025-2026,14,2025-12-04 15:13:25
8696,Pape Alassane Gueye,13,791,2,1.317191330716014,1,0.9764644950628281,20,10,5,0,M S,Villarreal,2,1.317191330716014,6.437717696651816,4.667644158005714,La-Liga,2025-2026,14,2025-12-04 15:13:25
8935,Pedri,12,962,2,1.124854987487197,2,3.267045173794031,12,30,0,1,M S,Barcelona,2,1.124854987487197,11.641660772264004,8.800067208707333,La-Liga,2025-2026,14,2025-12-04 15:13:25
9796,Giuliano Simeone,14,1031,2,3.4906421415507793,4,2.5688507556915283,19,12,1,0,F M S,Atletico Madrid,2,3.4906421415507793,8.918086424469948,3.607629682868719,La-Liga,2025-2026,14,2025-12-04 15:13:25
10974,Samú Costa,12,861,2,0.5887286076322198,0,0.6034318534657359,13,4,4,0,M S,Mallorca,2,0.5887286076322198,3.3188720885664225,2.324239183217287,La-Liga,2025-2026,14,2025-12-04 15:13:25
11154,Pablo Durán,12,599,2,1.7440263833850622,0,0.037867382168769836,14,1,0,0,F M S,Celta Vigo,2,1.7440263833850622,1.9045685231685638,0.25124549958854914,La-Liga,2025-2026,14,2025-12-04 15:13:25
11186,Alvaro Rodríguez,12,645,2,3.1535354424268007,2,0.9420165084302425,22,11,0,0,F S,Elche,2,3.1535354424268007,3.7158351317048073,0.7628812398761511,La-Liga,2025-2026,14,2025-12-04 15:13:25
11208,Mateo Joseph,13,817,2,3.6871082205325365,1,0.22898736502975225,21,6,1,0,F M S,Mallorca,2,3.6871082205325365,4.515782900154591,0.6491927830502391,La-Liga,2025-2026,14,2025-12-04 15:13:25
11264,Carlos Álvarez,14,951,2,0.9662073133513331,1,2.9949024617671967,14,18,2,0,M S,Levante,2,0.9662073133513331,5.691117417998612,3.2994264736771584,La-Liga,2025-2026,14,2025-12-04 15:13:25
11349,Mario Martín,13,854,2,1.2144170850515366,0,0.15018122550100088,10,3,5,0,M S,Getafe,2,1.2144170850515366,1.027891170233488,0.5291972905397415,La-Liga,2025-2026,14,2025-12-04 15:13:25
11402,Carlos Romero,13,1152,2,1.386966435238719,2,1.9141726419329643,12,13,1,0,D,Espanyol,2,1.386966435238719,4.594589073210955,2.6462000384926796,La-Liga,2025-2026,14,2025-12-04 15:13:25
11783,Akor Adams,12,644,2,2.9546282924711704,1,0.10338369198143482,21,3,1,0,F S,Sevilla,2,2.9546282924711704,3.2580169029533863,0.5976405311375856,La-Liga,2025-2026,14,2025-12-04 15:13:25
13358,Thiago Almada,8,319,2,1.7421851083636284,1,1.0728370994329453,9,7,0,0,M S,Atletico Madrid,2,1.7421851083636284,3.9253199696540833,1.6795724108815193,La-Liga,2025-2026,14,2025-12-04 15:13:25
13996,Tani Oluwaseyi,11,430,2,3.4618940092623234,1,1.7641931250691414,13,4,0,0,F S,Villarreal,2,3.4618940092623234,5.456739868968725,0.23065277934074402,La-Liga,2025-2026,14,2025-12-04 15:13:25
257,Jeremy Toljan,14,1212,1,0.6064546555280685,2,2.227161867544055,4,13,3,0,D,Levante,1,0.6064546555280685,4.431737884879112,2.214947720989585,La-Liga,2025-2026,14,2025-12-04 15:13:25
1003,Pablo Maffeo,10,841,1,0.1636094469577074,0,0.11598794348537922,2,4,4,0,D S,Mallorca,1,0.1636094469577074,3.678428729996085,3.3988312873989344,La-Liga,2025-2026,14,2025-12-04 15:13:25
2186,Morales,14,219,1,2.350291635841131,0,0.5101864412426949,7,5,1,0,M S,Levante,0,1.607014026492834,3.5453519076108932,1.5232341531664133,La-Liga,2025-2026,14,2025-12-04 15:13:25
2306,Cédric Bakambu,7,49,1,0.8922426775097847,0,0.015491410158574581,4,1,0,0,S,Real Betis,1,0.8922426775097847,1.1686319001019,0.26089778915047646,La-Liga,2025-2026,14,2025-12-04 15:13:25
2308,Denis Suárez,12,566,1,0.8786286804825068,0,0.5653736516833305,4,9,3,0,M S,Alaves,1,0.8786286804825068,2.853902606293559,2.097586562857032,La-Liga,2025-2026,14,2025-12-04 15:13:25
2399,Iñaki Williams,9,681,1,2.7497575245797634,0,0.6302201114594936,19,6,0,0,F M S,Athletic Club,0,2.0064799152314663,2.5536154434084892,0.9117313176393509,La-Liga,2025-2026,14,2025-12-04 15:13:25
2418,Álvaro Odriozola,1,59,1,0.5725881457328796,0,0,1,0,0,0,D,Real Sociedad,1,0.5725881457328796,0.5725881457328796,0,La-Liga,2025-2026,14,2025-12-04 15:13:25
2453,Marc Bartra,10,849,1,0.36028387397527695,0,0.018900977447628975,4,1,2,0,D S,Real Betis,1,0.36028387397527695,3.702588320709765,3.6859545717015862,La-Liga,2025-2026,14,2025-12-04 15:13:25
2624,Djibril Sow,10,719,1,0.25563212111592293,0,0.6453331746160984,5,6,2,0,M S,Sevilla,1,0.25563212111592293,2.057508859783411,1.467740522697568,La-Liga,2025-2026,14,2025-12-04 15:13:25
3059,Axel Witsel,11,913,1,0.5206952393054962,0,0.291731646284461,8,7,0,1,M,Girona,1,0.5206952393054962,4.44264754280448,4.013305235654116,La-Liga,2025-2026,14,2025-12-04 15:13:25
5654,Baptiste Santamaria,14,635,1,0.516353402286768,1,0.7424618415534496,6,4,2,0,M S,Valencia,1,0.516353402286768,2.0160224977880716,1.770297322422266,La-Liga,2025-2026,14,2025-12-04 15:13:25
5666,Mouctar Diakhaby,7,449,1,0.632166750729084,0,0.05504954606294632,4,1,3,0,D S,Valencia,1,0.632166750729084,0.8095903322100639,0.7545407935976982,La-Liga,2025-2026,14,2025-12-04 15:13:25
5681,Giovani Lo Celso,12,837,1,1.7572904899716377,2,2.46886844933033,19,21,3,0,M S,Real Betis,1,1.7572904899716377,8.3137828707695,5.3772726356983185,La-Liga,2025-2026,14,2025-12-04 15:13:25
5706,Dodi Lukebakio,2,180,1,0.05466248095035553,0,0.8578585088253021,2,9,0,0,M,Sevilla,1,0.05466248095035553,1.0068341195583344,0.2612600550055504,La-Liga,2025-2026,14,2025-12-04 15:13:25
6087,Takuma Asano,9,307,1,0.7705740556120872,0,0.509282112121582,6,1,1,0,F M S,Mallorca,1,0.7705740556120872,1.3146566785871983,0.49141080118715763,La-Liga,2025-2026,14,2025-12-04 15:13:25
6126,Ander Guevara,9,248,1,0.5025340914726257,0,0.11654093861579895,1,2,0,0,M S,Alaves,1,0.5025340914726257,0.7242313772439957,0.6076904414221644,La-Liga,2025-2026,14,2025-12-04 15:13:25
6168,Leandro Cabrera,13,1170,1,1.3548837993294,0,0.32643749192357063,12,5,1,0,D,Espanyol,1,1.3548837993294,3.498820286244154,3.2294408921152353,La-Liga,2025-2026,14,2025-12-04 15:13:25
6427,Aitor Ruibal,10,445,1,1.5020502377301455,0,0.5596633516252041,8,7,1,0,D M S,Real Betis,1,1.5020502377301455,2.7008476965129375,0.9001308679580688,La-Liga,2025-2026,14,2025-12-04 15:13:25
6433,Jules Koundé,14,964,1,0.44767843931913376,0,0.3051310107111931,5,6,2,0,D S,Barcelona,1,0.44767843931913376,6.99099699780345,6.728962730616331,La-Liga,2025-2026,14,2025-12-04 15:13:25
6740,Miguel Ángel Rubio,5,120,1,0.5629894137382507,0,0,1,0,0,0,D S,Espanyol,1,0.5629894137382507,0.008532500825822353,0.008532500825822353,La-Liga,2025-2026,14,2025-12-04 15:13:25
7020,Gorka Guruzeta,13,816,1,3.6592484302818775,0,1.296612687408924,30,8,1,0,F M S,Athletic Club,1,3.6592484302818775,6.058069344609976,1.885598735883832,La-Liga,2025-2026,14,2025-12-04 15:13:25
7074,Nicolás González,12,801,1,2.731299798935652,0,1.284038744866848,20,5,2,0,D F M S,Atletico Madrid,1,2.731299798935652,5.54740934073925,3.104300254955888,La-Liga,2025-2026,14,2025-12-04 15:13:25
7174,Adrià Pedrosa,10,464,1,0.5511669926345348,0,1.1600498408079147,8,15,3,0,D S,"Elche,Sevilla",1,0.5511669926345348,3.499453090131283,2.070893432945013,La-Liga,2025-2026,14,2025-12-04 15:13:25
7236,Leander Dendoncker,13,1133,1,0.4217955134809017,0,0.43061793874949217,7,7,2,0,M,Real Oviedo,1,0.4217955134809017,1.952728545293212,1.3171578627079725,La-Liga,2025-2026,14,2025-12-04 15:13:25
7276,Robin Le Normand,10,888,1,1.0887540504336357,0,0,3,0,2,0,D,Atletico Madrid,1,1.0887540504336357,4.100982939824462,3.99866465292871,La-Liga,2025-2026,14,2025-12-04 15:13:25
7359,Eduardo Camavinga,11,479,1,0.8079669009894133,0,0.8771063145250082,4,6,0,0,M S,Real Madrid,1,0.8079669009894133,3.3946004286408424,2.4579655900597572,La-Liga,2025-2026,14,2025-12-04 15:13:25
7605,Manuel Sánchez,13,1151,1,0.8703487887978554,1,0.8704036734998226,5,8,4,0,D,Levante,1,0.8703487887978554,5.01872475259006,3.7953920550644398,La-Liga,2025-2026,14,2025-12-04 15:13:25
7779,Oihan Sancet,10,702,1,2.66807883605361,0,0.7391864489763975,16,13,1,1,M S,Athletic Club,0,1.924801204353571,1.939509792253375,0.4780984278768301,La-Liga,2025-2026,14,2025-12-04 15:13:25
7829,Eder Militão,12,983,1,1.4660748494789004,1,1.0907561480998993,17,7,2,0,D S,Real Madrid,1,1.4660748494789004,5.060470608994365,4.194195203483105,La-Liga,2025-2026,14,2025-12-04 15:13:25
7842,Aleix Febas,14,1260,1,1.236717777326703,0,0.7763762008398771,9,13,2,0,M,Elche,1,1.236717777326703,7.00482508353889,5.86039019562304,La-Liga,2025-2026,14,2025-12-04 15:13:25
7870,Luis Rioja,14,964,1,0.991582689806819,3,1.5546345133334398,18,12,1,0,M S,Valencia,1,0.991582689806819,2.9480697363615036,1.413123456761241,La-Liga,2025-2026,14,2025-12-04 15:13:25
7888,Nemanja Gudelj,11,610,1,0.4828777965158224,0,0.13129394128918648,12,2,2,0,M S,Sevilla,1,0.4828777965158224,1.70076297596097,1.5803609564900398,La-Liga,2025-2026,14,2025-12-04 15:13:25
7916,Pol Lozano,14,1052,1,0.17977804318070412,0,0.3186702160164714,7,7,3,0,M S,Espanyol,1,0.17977804318070412,2.8349733743816614,2.459325874224305,La-Liga,2025-2026,14,2025-12-04 15:13:25
8001,Takefusa Kubo,12,685,1,1.453421413898468,1,1.2772874012589455,16,13,0,0,F M S,Real Sociedad,1,1.453421413898468,3.9019623696804047,2.4389966391026974,La-Liga,2025-2026,14,2025-12-04 15:13:25
8045,Eric Garcia,15,1152,1,1.9749561659991741,0,0.8140539657324553,11,16,0,0,D M S,Barcelona,1,1.9749561659991741,11.101751372218132,10.49572990834713,La-Liga,2025-2026,14,2025-12-04 15:13:25
8070,Mateu Morey,9,460,1,0.18371310085058212,0,0.516222694888711,4,3,2,0,D S,Mallorca,1,0.18371310085058212,1.1125931404531002,0.4921427480876446,La-Liga,2025-2026,14,2025-12-04 15:13:25
8122,Sergio Carreira,11,986,1,0.5407508835196495,1,0.1755618518218398,6,4,1,0,D,Celta Vigo,1,0.5407508835196495,4.96436470374465,4.339387681335211,La-Liga,2025-2026,14,2025-12-04 15:13:25
8165,Lucien Agoume,11,800,1,0.18699822574853897,1,0.9468046613037586,2,8,4,0,M S,Sevilla,1,0.18699822574853897,3.783043848350644,3.1854298431426287,La-Liga,2025-2026,14,2025-12-04 15:13:25
8230,German Valera,13,942,1,0.8166075833141804,2,1.935264278203249,9,14,1,0,D F M S,Elche,1,0.8166075833141804,3.9674949385225773,3.011585909873247,La-Liga,2025-2026,14,2025-12-04 15:13:25
8733,Alfonso Espino,9,196,1,0.9092073440551758,0,1.0656593702733517,2,3,0,0,D S,Rayo Vallecano,1,0.9092073440551758,1.999909095466137,0.6887424513697624,La-Liga,2025-2026,14,2025-12-04 15:13:25
8948,Aitor Paredes,8,635,1,0.8904363997280598,0,0,6,0,1,0,D S,Athletic Club,1,0.8904363997280598,0.48104264959692955,0.48104264959692955,La-Liga,2025-2026,14,2025-12-04 15:13:25
9011,Óscar Mingueza,12,698,1,0.30561947636306286,2,2.3962648045271635,7,15,1,0,D S,Celta Vigo,1,0.30561947636306286,5.00681534782052,3.6741557978093624,La-Liga,2025-2026,14,2025-12-04 15:13:25
9040,Conor Gallagher,15,458,1,0.754298304207623,0,0.4724578708410263,8,3,1,0,M S,Atletico Madrid,1,0.754298304207623,4.1596577279269695,2.9983449019491673,La-Liga,2025-2026,14,2025-12-04 15:13:25
9199,John Donald,8,171,1,0.7064490858465433,0,0,4,0,1,0,D M S,Elche,1,0.7064490858465433,2.6613654736429453,1.954916387796402,La-Liga,2025-2026,14,2025-12-04 15:13:25
9218,Juan Iglesias,13,1089,1,0.6972817266359925,0,0.2646779492497444,8,3,1,0,D M S,Getafe,1,0.6972817266359925,2.2390435934066772,1.9153955336660147,La-Liga,2025-2026,14,2025-12-04 15:13:25
9241,Alfon,8,291,1,0.8828136473894119,0,0.2358742207288742,10,5,0,0,D M S,Sevilla,1,0.8828136473894119,1.3487449288368225,0.23005704581737518,La-Liga,2025-2026,14,2025-12-04 15:13:25
9809,José Ángel Carmona,12,1004,1,0.5075951926410198,3,1.2536357566714287,8,7,6,0,D S,Sevilla,1,0.5075951926410198,3.6744685228914022,2.5685565415769815,La-Liga,2025-2026,14,2025-12-04 15:13:25
9812,Isi Palazón,13,931,1,1.7509958567097783,2,1.62734941765666,17,14,5,0,F M S,Rayo Vallecano,0,1.0077182427048683,5.201883599162102,3.2664409540593624,La-Liga,2025-2026,14,2025-12-04 15:13:25
10078,Hugo Álvarez,7,336,1,0.05165326967835426,0,0.19922693446278572,1,6,0,0,D F S,Celta Vigo,1,0.05165326967835426,1.3019337356090546,1.1027067601680756,La-Liga,2025-2026,14,2025-12-04 15:13:25
10200,Rafa Marín,11,982,1,0.1847507283091545,0,0.11224480718374252,3,2,1,0,D,Villarreal,1,0.1847507283091545,4.688722379505634,4.688722379505634,La-Liga,2025-2026,14,2025-12-04 15:13:25
10273,Iker Benito,5,147,1,0.3859800510108471,0,0.14492438361048698,2,2,1,0,M S,Osasuna,1,0.3859800510108471,0.672303281724453,0.24680110812187195,La-Liga,2025-2026,14,2025-12-04 15:13:25
10364,Nahuel Tenaglia,13,1170,1,1.1121895341202617,0,0.019095754250884056,10,1,1,0,D,Alaves,1,1.1121895341202617,1.8261009864509106,1.6781250908970833,La-Liga,2025-2026,14,2025-12-04 15:13:25
10388,Luka Ilic,12,537,1,1.162211550399661,0,0.0591045543551445,4,1,2,1,F M S,Real Oviedo,1,1.162211550399661,1.0812596678733826,0.4379870444536209,La-Liga,2025-2026,14,2025-12-04 15:13:25
10494,Pablo Barrios Rivas,14,1069,1,1.0920272916555405,0,0.9367632642388344,15,10,0,0,M S,Atletico Madrid,1,1.0920272916555405,7.558987811207771,6.014869537204504,La-Liga,2025-2026,14,2025-12-04 15:13:25
10576,Álvaro Fernández,15,1252,1,0.19178425520658493,1,0.9844465591013432,6,16,2,0,D S,Real Madrid,1,0.19178425520658493,9.025109767913818,8.153632830828428,La-Liga,2025-2026,14,2025-12-04 15:13:25
10716,Manor Solomon,5,115,1,0.608427070081234,1,0.471932552754879,2,2,0,0,M S,Villarreal,1,0.608427070081234,2.177966743707657,1.1689640581607819,La-Liga,2025-2026,14,2025-12-04 15:13:25
10857,Pablo Ibáñez,14,765,1,1.860926547087729,0,0.27893492951989174,15,5,3,0,M S,Alaves,1,1.860926547087729,2.168676845729351,1.626583993434906,La-Liga,2025-2026,14,2025-12-04 15:13:25
10944,Fran Pérez,11,444,1,1.1689441800117493,0,1.4686790676787496,7,8,0,0,F M S,Rayo Vallecano,1,1.1689441800117493,4.195617821067572,1.9600586127489805,La-Liga,2025-2026,14,2025-12-04 15:13:25
10949,Arnau Martinez,13,885,1,0.6716165831312537,1,0.08434558659791946,3,1,3,0,D M S,Girona,1,0.6716165831312537,3.8628937900066376,3.8628937900066376,La-Liga,2025-2026,14,2025-12-04 15:13:25
10952,Joel Roca,11,646,1,1.4185972139239311,0,0.6669032797217369,17,7,0,0,F M S,Girona,1,1.4185972139239311,2.599656742066145,0.6108694523572922,La-Liga,2025-2026,14,2025-12-04 15:13:25
10999,Marcão,12,864,1,0.9158304017037153,0,0,10,0,3,0,D S,Sevilla,1,0.9158304017037153,1.4495299067348242,1.4495299067348242,La-Liga,2025-2026,14,2025-12-04 15:13:25
11087,Pep Chavarría,14,1191,1,0.3777835350483656,2,2.079447317868471,9,14,3,0,D S,Rayo Vallecano,1,0.3777835350483656,6.603928782045841,4.451846435666084,La-Liga,2025-2026,14,2025-12-04 15:13:25
11216,Rodrigo Mendoza,10,587,1,0.5251988545060158,0,0.45781625248491764,9,8,3,0,F M S,Elche,1,0.5251988545060158,2.2048801500350237,1.5970088616013527,La-Liga,2025-2026,14,2025-12-04 15:13:25
11322,Viktor Tsygankov,8,548,1,1.086340006440878,2,0.9340067123994231,7,10,0,0,F M S,Girona,1,1.086340006440878,2.19637668132782,0.554435083642602,La-Liga,2025-2026,14,2025-12-04 15:13:25
11943,Dean Huijsen,11,875,1,1.2096101697534323,1,0.7957760337740183,11,6,3,1,D,Real Madrid,1,1.2096101697534323,4.768060803413391,4.456343095749617,La-Liga,2025-2026,14,2025-12-04 15:13:25
11953,Sergi Altimira,8,477,1,0.32986530661582947,1,0.18261446431279182,1,4,1,0,M S,Real Betis,1,0.32986530661582947,1.479858886450529,1.3091160468757153,La-Liga,2025-2026,14,2025-12-04 15:13:25
12263,Mikel Jauregizar,15,1298,1,0.6785501185804605,0,0.7693324889987707,17,10,2,0,M,Athletic Club,1,0.6785501185804605,3.7149258833378553,2.6136164478957653,La-Liga,2025-2026,14,2025-12-04 15:13:25
12286,Nobel Mendy,6,500,1,0.8351213876157999,0,0.01011630892753601,4,1,1,0,D,Rayo Vallecano,1,0.8351213876157999,1.766779663041234,1.7419445142149925,La-Liga,2025-2026,14,2025-12-04 15:13:25
12643,Javier Rueda,9,507,1,0.4848273564130068,2,1.457190627232194,5,4,3,0,D S,Celta Vigo,1,0.4848273564130068,2.4596256352961063,2.090845216065645,La-Liga,2025-2026,14,2025-12-04 15:13:25
12726,Christantus Uche,3,270,1,1.4415657743811607,1,0.6371117904782295,6,4,1,0,F,Getafe,1,1.4415657743811607,2.1472005546092987,0.06852305494248867,La-Liga,2025-2026,14,2025-12-04 15:13:25
12742,Peque,11,401,1,0.4013255462050438,0,0.3623365182429552,9,10,4,0,M S,Sevilla,1,0.4013255462050438,1.7464443184435368,1.2857596799731255,La-Liga,2025-2026,14,2025-12-04 15:13:25
12790,Abel Bretones,12,1074,1,0.4696029182523489,0,0.3680211678147316,9,8,3,1,D M,Osasuna,1,0.4696029182523489,1.3162401374429464,0.8084501968696713,La-Liga,2025-2026,14,2025-12-04 15:13:25
12893,Enzo Boyomo,14,1241,1,0.5056555271148682,0,0.7699362635612488,1,4,4,0,D,Osasuna,1,0.5056555271148682,2.356455013155937,1.1000026240944862,La-Liga,2025-2026,14,2025-12-04 15:13:25
13048,Orri Óskarsson,3,110,1,0.9246834293007851,0,0.32868972420692444,3,1,0,0,F S,Real Sociedad,1,0.9246834293007851,1.253373183310032,0,La-Liga,2025-2026,14,2025-12-04 15:13:25
13279,Víctor Muñoz,14,1030,1,1.3051216714084148,1,0.41078120470046997,24,8,2,0,F M S,Osasuna,1,1.3051216714084148,2.161091886460781,0.7080413671210408,La-Liga,2025-2026,14,2025-12-04 15:13:25
13335,Goduine Koyalipou,10,211,1,1.2652598228305578,0,0.35875242948532104,10,1,1,0,F S,Levante,1,1.2652598228305578,1.43799864128232,0,La-Liga,2025-2026,14,2025-12-04 15:13:25
13417,Maroan Sannadi,8,246,1,0.9551242720335722,0,0.5883069485425949,7,2,2,0,F S,Athletic Club,1,0.9551242720335722,1.5783750098198652,0.034943751990795135,La-Liga,2025-2026,14,2025-12-04 15:13:25
13620,Miguel Román,6,276,1,1.0908086877316236,0,0.242392435669899,8,3,3,0,M S,Celta Vigo,1,1.0908086877316236,1.4368129670619965,0.27028647251427174,La-Liga,2025-2026,14,2025-12-04 15:13:25
13627,Alejandro Rego,10,313,1,0.2025739699602127,0,0.2659849263727665,3,4,1,0,M S,Athletic Club,1,0.2025739699602127,0.9373598136007786,0.7629043832421303,La-Liga,2025-2026,14,2025-12-04 15:13:25
13700,Alberto Reina,13,663,1,0.24208167381584644,0,0.577028026804328,6,6,2,1,M S,Real Oviedo,1,0.24208167381584644,1.0794673524796963,0.43868764489889145,La-Liga,2025-2026,14,2025-12-04 15:13:25
13705,Federico Viñas,12,683,1,2.0783729441463947,0,0.3055536486208439,13,5,2,1,F M S,Real Oviedo,0,1.3350953347980976,1.393706813454628,0.4357750304043293,La-Liga,2025-2026,14,2025-12-04 15:13:25
13845,Valentín Gómez,11,703,1,0.9058216996490955,0,0.25204222835600376,8,4,2,0,D S,Real Betis,1,0.9058216996490955,2.03285888209939,1.5657757855951786,La-Liga,2025-2026,14,2025-12-04 15:13:25
13847,Franco Mastantuono,9,556,1,1.8385890275239944,0,1.242712700739503,18,7,3,0,D F M S,Real Madrid,1,1.8385890275239944,3.593080684542656,2.012023691087961,La-Liga,2025-2026,14,2025-12-04 15:13:25
13936,Jon Gorrotxategi,13,1068,1,0.7079404843971133,1,0.4818172613158822,9,8,4,0,M S,Real Sociedad,1,0.7079404843971133,4.075374782085419,3.615073435008526,La-Liga,2025-2026,14,2025-12-04 15:13:25
13983,David Carmo,10,784,1,0.8218948282301426,0,0.035605039447546005,5,1,4,0,D S,Real Oviedo,1,0.8218948282301426,1.673530474305153,1.1189112812280655,La-Liga,2025-2026,14,2025-12-04 15:13:25
14050,Kervin Arriaga,11,621,1,0.1601848490536213,0,0.10146134346723557,4,2,2,0,M S,Levante,1,0.1601848490536213,1.4181889295578003,1.268347181379795,La-Liga,2025-2026,14,2025-12-04 15:13:25
14059,Alemão,11,553,1,2.0561805367469788,0,0.13200683519244194,13,3,1,0,F S,Rayo Vallecano,1,2.0561805367469788,2.265781454741955,0.18706084415316582,La-Liga,2025-2026,14,2025-12-04 15:13:25
200,Andreas Christensen,10,307,0,0.12629129365086555,0,0.015875261276960373,2,1,1,0,D S,Barcelona,0,0.12629129365086555,2.0094043612480164,1.9935290962457657,La-Liga,2025-2026,14,2025-12-04 15:13:25
250,Ørjan Nyland,4,360,0,0,0,0,0,0,1,0,GK,Sevilla,0,0,0.7688105702400208,0.7688105702400208,La-Liga,2025-2026,14,2025-12-04 15:13:25
308,Ricardo Rodríguez,8,498,0,0.12401090748608112,1,0.42424367368221283,2,4,0,0,D S,Real Betis,0,0.12401090748608112,1.3755266815423965,1.0556081533432007,La-Liga,2025-2026,14,2025-12-04 15:13:25
323,Adnan Januzaj,7,162,0,0.0887748971581459,0,0.2869439050555229,1,5,1,0,F M S,Sevilla,0,0.0887748971581459,0.4620729051530361,0.3030882105231285,La-Liga,2025-2026,14,2025-12-04 15:13:25
375,Odisseas Vlachodimos,10,900,0,0,0,0,0,0,1,0,GK,Sevilla,0,0,1.174068471416831,1.174068471416831,La-Liga,2025-2026,14,2025-12-04 15:13:25
391,David Alaba,3,56,0,0.04562300071120262,0,0,1,0,0,0,D S,Real Madrid,0,0.04562300071120262,0.3971622586250305,0.3971622586250305,La-Liga,2025-2026,14,2025-12-04 15:13:25
492,Héctor Bellerín,13,1011,0,0.20112952589988708,2,2.3483105786144733,3,17,1,0,D S,Real Betis,0,0.20112952589988708,5.902050323784351,4.380326800048351,La-Liga,2025-2026,14,2025-12-04 15:13:25
548,Daley Blind,12,959,0,0,0,0.24162574671208858,0,5,1,0,D S,Girona,0,0,3.5894432086497545,3.486941860988736,La-Liga,2025-2026,14,2025-12-04 15:13:25
565,Nyom,4,76,0,0.08993701636791229,0,0.026448413729667664,2,1,1,1,D S,Getafe,0,0.08993701636791229,0.11638543754816055,0,La-Liga,2025-2026,14,2025-12-04 15:13:25
680,Thibaut Courtois,15,1350,0,0,0,0,0,0,0,0,GK,Real Madrid,0,0,3.9941734671592712,3.9941734671592712,La-Liga,2025-2026,14,2025-12-04 15:13:25
681,César Azpilicueta,8,591,0,0,0,0.023224851116538048,0,1,2,0,D,Sevilla,0,0,1.126955684274435,1.1037308387458324,La-Liga,2025-2026,14,2025-12-04 15:13:25
897,Juanmi,3,22,0,0,0,0,0,0,0,0,S,Getafe,0,0,0.03571551665663719,0.03571551665663719,La-Liga,2025-2026,14,2025-12-04 15:13:25
965,Santiago Cazorla,9,313,0,0.12009521201252937,0,0.7090533711016178,2,7,0,0,M S,Real Oviedo,0,0.12009521201252937,1.050343845039606,0.9567984417080879,La-Liga,2025-2026,14,2025-12-04 15:13:25
973,Paulo Gazzaniga,13,1122,0,0,0,0,0,0,2,1,GK,Girona,0,0,1.3411109019070864,1.3411109019070864,La-Liga,2025-2026,14,2025-12-04 15:13:25
1244,Wojciech Szczesny,6,540,0,0,0,0,0,0,0,0,GK,Barcelona,0,0,2.2537071891129017,2.2537071891129017,La-Liga,2025-2026,14,2025-12-04 15:13:25
1450,Umar Sadiq,4,97,0,0.13693971186876297,0,0.3074158728122711,3,1,1,0,F S,Real Sociedad,0,0.13693971186876297,0.3959370031952858,0,La-Liga,2025-2026,14,2025-12-04 15:13:25
1621,Marcos Alonso,11,901,0,0.37745807506144047,0,0.28308406472206116,8,4,2,0,D S,Celta Vigo,0,0.37745807506144047,3.921286918222904,3.832284100353718,La-Liga,2025-2026,14,2025-12-04 15:13:25
1739,Eric Bailly,3,270,0,0.03043759986758232,0,0,1,0,1,0,D,Real Oviedo,0,0.03043759986758232,0.13238641619682312,0.13238641619682312,La-Liga,2025-2026,14,2025-12-04 15:13:25
1762,Ovie Ejaria,6,173,0,0.2249453254044056,0,0.07512999325990677,3,1,1,0,M S,Real Oviedo,0,0.2249453254044056,0.48077601194381714,0.2924664430320263,La-Liga,2025-2026,14,2025-12-04 15:13:25
1791,Trent Alexander-Arnold,8,393,0,0.06021910533308983,1,0.7543008141219616,3,8,0,0,D M S,Real Madrid,0,0.06021910533308983,3.1906936317682266,2.599718824028969,La-Liga,2025-2026,14,2025-12-04 15:13:25
1822,Antonio Rüdiger,3,270,0,0.05588873475790024,0,0.24611717462539673,1,1,0,0,D,Real Madrid,0,0.05588873475790024,1.12857024371624,0.8265643417835236,La-Liga,2025-2026,14,2025-12-04 15:13:25
1830,Ionut Radu,14,1260,0,0,0,0,0,0,0,0,GK,Celta Vigo,0,0,2.41579732298851,2.41579732298851,La-Liga,2025-2026,14,2025-12-04 15:13:25
1857,David López,3,207,0,0.6544463038444519,0,0,1,0,0,0,D S,Girona,0,0.6544463038444519,0.6020162813365459,0.6020162813365459,La-Liga,2025-2026,14,2025-12-04 15:13:25
2107,Pau López,7,630,0,0,0,0,0,0,1,0,GK,Real Betis,0,0,0.4457352627068758,0.4457352627068758,La-Liga,2025-2026,14,2025-12-04 15:13:25
2163,Diego Llorente,1,51,0,0,0,0,0,0,0,0,D,Real Betis,0,0,0,0,La-Liga,2025-2026,14,2025-12-04 15:13:25
2183,Rubén García,12,636,0,0.5867796093225479,3,2.1843841709196568,9,14,0,0,F M S,Osasuna,0,0.5867796093225479,1.5257849022746086,0.5582806002348661,La-Liga,2025-2026,14,2025-12-04 15:13:25
2198,Moi Gómez,12,809,0,0.25407872162759304,0,0.7259807605296373,7,7,1,0,M S,Osasuna,0,0.25407872162759304,2.253806307911873,1.4847048548981547,La-Liga,2025-2026,14,2025-12-04 15:13:25
2228,Aritz Elustondo,6,184,0,0.10162683576345444,0,0,2,0,0,0,D S,Real Sociedad,0,0.10162683576345444,0.13675608672201633,0.13675608672201633,La-Liga,2025-2026,14,2025-12-04 15:13:25
2229,Yuri,14,1211,0,0.2891336688771844,0,0.4724622741341591,10,9,2,0,D S,Athletic Club,0,0.2891336688771844,2.965967781841755,2.575123904272914,La-Liga,2025-2026,14,2025-12-04 15:13:25
2255,Isco,1,29,0,0.10447196662425995,1,0.45733559131622314,2,2,0,0,S,Real Betis,0,0.10447196662425995,0.13670529425144196,0.03223332017660141,La-Liga,2025-2026,14,2025-12-04 15:13:25
2260,Daniel Carvajal,7,375,0,0.14130344334989786,0,0.5882058218121529,2,2,0,0,D S,Real Madrid,0,0.14130344334989786,1.942680962383747,1.22453261166811,La-Liga,2025-2026,14,2025-12-04 15:13:25
2261,Jan Oblak,14,1260,0,0,0,0,0,0,0,0,GK,Atletico Madrid,0,0,3.057280872017145,3.057280872017145,La-Liga,2025-2026,14,2025-12-04 15:13:25
2269,Koke,14,975,0,0.1067285556346178,2,1.4567117802798748,3,13,3,0,M S,Atletico Madrid,0,0.1067285556346178,5.90720234811306,5.2530474457889795,La-Liga,2025-2026,14,2025-12-04 15:13:25
2278,Giménez,7,541,0,0.7180043198168278,0,0,7,0,2,0,D S,Atletico Madrid,0,0.7180043198168278,2.2697236463427544,2.253105230629444,La-Liga,2025-2026,14,2025-12-04 15:13:25
2280,Jonny,14,1246,0,0.4634603001177311,0,0.38446195237338543,5,9,3,0,D,Alaves,0,0.4634603001177311,3.8840075321495533,3.3733252696692944,La-Liga,2025-2026,14,2025-12-04 15:13:25
2328,Thomas Partey,12,622,0,0.3256993256509304,0,0.18819333612918854,8,5,0,0,M S,Villarreal,0,0.3256993256509304,2.251070886850357,1.8561828080564737,La-Liga,2025-2026,14,2025-12-04 15:13:25
2346,Aarón,14,1260,0,0,0,0,0,0,1,0,GK,Real Oviedo,0,0,0.8708763960748911,0.8708763960748911,La-Liga,2025-2026,14,2025-12-04 15:13:25
2353,Pedro Bigas,10,857,0,0.13080935552716255,1,0.1442952137440443,3,3,1,0,D,Elche,0,0.13080935552716255,3.728058595210314,3.5973468609154224,La-Liga,2025-2026,14,2025-12-04 15:13:25
2378,Daniel Parejo,11,360,0,0.0974603071808815,0,0.5996347879990935,1,7,2,0,M S,Villarreal,0,0.0974603071808815,1.7564999982714653,1.263007491827011,La-Liga,2025-2026,14,2025-12-04 15:13:25
2385,Mat Ryan,12,1080,0,0,0,0,0,0,1,0,GK,Levante,0,0,0.9737481325864792,0.9737481325864792,La-Liga,2025-2026,14,2025-12-04 15:13:25
2403,Íñigo Lekue,5,263,0,0.13128633052110672,0,0,3,0,0,0,D S,Athletic Club,0,0.13128633052110672,1.4315194487571716,1.3002330958843231,La-Liga,2025-2026,14,2025-12-04 15:13:25
2415,David Soria,14,1260,0,0,0,0.046500302851200104,0,1,1,0,GK,Getafe,0,0,0.4361315965652466,0.4361315965652466,La-Liga,2025-2026,14,2025-12-04 15:13:25
2417,Igor Zubeldia,12,1080,0,0.20646774396300316,0,0.22531399317085743,4,4,4,0,D,Real Sociedad,0,0.20646774396300316,2.8302282467484474,2.8302282467484474,La-Liga,2025-2026,14,2025-12-04 15:13:25
2446,Dani Ceballos,10,345,0,0.05600868724286556,0,0.4372210316359997,2,7,0,0,M S,Real Madrid,0,0.05600868724286556,3.848915211856365,3.520694322884083,La-Liga,2025-2026,14,2025-12-04 15:13:25
2456,Omar Mascarell,8,448,0,0,0,0.02346600592136383,0,1,1,0,M S,Mallorca,0,0,1.0199171602725983,0.9964511543512344,La-Liga,2025-2026,14,2025-12-04 15:13:25
2479,Toni Lato,4,167,0,0,0,0.05554426275193691,0,2,0,0,D S,Mallorca,0,0,0.1499849259853363,0.1499849259853363,La-Liga,2025-2026,14,2025-12-04 15:13:25
2498,Aymeric Laporte,10,830,0,0.19292191602289677,1,0.2813205122947693,4,1,1,0,D S,Athletic Club,0,0.19292191602289677,1.8108250126242638,1.518719783052802,La-Liga,2025-2026,14,2025-12-04 15:13:25
2505,José Gayá,12,938,0,0.09249607659876347,1,1.2804203797131777,4,10,4,1,D,Valencia,0,0.09249607659876347,2.4578964840620756,1.1177240880206227,La-Liga,2025-2026,14,2025-12-04 15:13:25
2509,Dimitri Foulquier,8,633,0,0.03013024292886257,0,0.06820591539144516,1,1,0,0,D S,Valencia,0,0.03013024292886257,1.8008779808878899,1.7326720636337996,La-Liga,2025-2026,14,2025-12-04 15:13:25
2518,Marcos Llorente,13,1093,0,1.2677675560116768,3,3.0501801893115044,7,11,3,0,D M,Atletico Madrid,0,1.2677675560116768,9.614171149209142,6.783512743189931,La-Liga,2025-2026,14,2025-12-04 15:13:25
2521,Alfonso,11,618,0,0.3084215857088566,2,2.3616712540388107,5,9,3,0,D S,Villarreal,0,0.3084215857088566,3.027511766180396,2.0362840350717306,La-Liga,2025-2026,14,2025-12-04 15:13:25
2551,Pepelu,12,902,0,0.4754227548837662,0,0.4753229171037674,9,11,1,0,M S,Valencia,0,0.4754227548837662,1.7798040891066194,1.4405289879068732,La-Liga,2025-2026,14,2025-12-04 15:13:25
2555,Remiro,14,1260,0,0,0,0.11235834658145905,0,3,0,0,GK,Real Sociedad,0,0,2.6729512065649033,2.5605928525328636,La-Liga,2025-2026,14,2025-12-04 15:13:25
2584,Raíllo,14,1260,0,0.4617947405204177,0,0.08226790465414524,8,2,2,0,D,Mallorca,0,0.4617947405204177,2.7208081893622875,2.5821316204965115,La-Liga,2025-2026,14,2025-12-04 15:13:25
2597,Dani Calvo,8,657,0,0,0,0,0,0,2,0,D S,Real Oviedo,0,0,0.45240763388574123,0.45240763388574123,La-Liga,2025-2026,14,2025-12-04 15:13:25
2609,Gerard Gumbau,8,150,0,0.2035161703824997,1,0.21413677372038364,4,4,0,0,M S,Rayo Vallecano,0,0.2035161703824997,0.24528522230684757,0,La-Liga,2025-2026,14,2025-12-04 15:13:25
2621,Sergi Darder,14,1057,0,0.9127779016271234,1,1.1411404060199857,13,16,2,0,M S,Mallorca,0,0.9127779016271234,2.549569109454751,1.505028448998928,La-Liga,2025-2026,14,2025-12-04 15:13:25
3208,Óscar Trejo,4,35,0,0.11152663826942444,0,0.15232295915484428,1,3,1,0,S,Rayo Vallecano,0,0.11152663826942444,0.8704848363995552,0.6497752517461777,La-Liga,2025-2026,14,2025-12-04 15:13:25
3425,Thomas Lemar,5,184,0,0.13433674722909927,1,0.787794379517436,4,8,0,0,M S,Girona,0,0.13433674722909927,0.7160385958850384,0.0974672008305788,La-Liga,2025-2026,14,2025-12-04 15:13:25
4091,Unai López,13,843,0,0.3436725838109851,2,1.0845176102593541,11,17,3,0,M S,Rayo Vallecano,0,0.3436725838109851,3.62900208029896,3.1155023127794266,La-Liga,2025-2026,14,2025-12-04 15:13:25
4120,Álex Moreno,13,1119,0,0.8228589110076427,0,0.5578270740807056,7,6,1,0,D S,Girona,0,0.8228589110076427,4.708417363464832,3.418200623244047,La-Liga,2025-2026,14,2025-12-04 15:13:25
4160,David Costas,9,721,0,0,0,0.10936319828033447,0,2,0,0,D S,Real Oviedo,0,0,1.5708593931049109,1.529150990769267,La-Liga,2025-2026,14,2025-12-04 15:13:25
4168,Javi Muñoz,6,163,0,0.12528903782367706,0,0,5,0,0,0,F S,Getafe,0,0.12528903782367706,0.05933953635394573,0,La-Liga,2025-2026,14,2025-12-04 15:13:25
5043,Kiko Femenía,10,693,0,0.03408182738348842,1,0.8589011263102293,2,6,1,0,D M S,Getafe,0,0.03408182738348842,1.356363471597433,0.5289740264415741,La-Liga,2025-2026,14,2025-12-04 15:13:25
5050,Clement Lenglet,8,669,0,0.03755665197968483,0,0.0711851418018341,2,3,1,1,D,Atletico Madrid,0,0.03755665197968483,3.1766770873218775,3.1622685585170984,La-Liga,2025-2026,14,2025-12-04 15:13:25
5058,Carles Aleñá,14,840,0,1.0414314530789852,3,1.5647780084982514,12,11,0,0,F M S,Alaves,0,1.0414314530789852,3.0291259959340096,1.498705754056573,La-Liga,2025-2026,14,2025-12-04 15:13:25
5065,Diego Rico,13,1094,0,0.1345301577821374,0,0.5792848877608776,6,5,1,0,D S,Getafe,0,0.1345301577821374,0.8385246740654111,0.3066734988242388,La-Liga,2025-2026,14,2025-12-04 15:13:25
5073,Florian Lejeune,14,1253,0,0.6985529297962785,0,0.1602149261161685,19,7,2,0,D,Rayo Vallecano,0,0.6985529297962785,4.295729596167803,4.034486934542656,La-Liga,2025-2026,14,2025-12-04 15:13:25
5077,Mikel Vesga,12,216,0,0.1971089020371437,0,0.06606677174568176,2,1,0,0,M S,Athletic Club,0,0.1971089020371437,0.361329548060894,0.27667485550045967,La-Liga,2025-2026,14,2025-12-04 15:13:25
5081,Edu Expósito,13,907,0,0.7807122063823044,4,3.830901551991701,14,30,3,0,M S,Espanyol,0,0.7807122063823044,5.201133783906698,3.9586971439421177,La-Liga,2025-2026,14,2025-12-04 15:13:25
5086,Marc Roca,9,481,0,0,0,0.44932992942631245,0,4,0,0,M S,Real Betis,0,0,1.3184404093772173,1.2393546421080828,La-Liga,2025-2026,14,2025-12-04 15:13:25
5091,Alex Berenguer,13,998,0,2.5712920986115932,2,2.993436586111784,17,22,2,0,F M S,Athletic Club,0,2.5712920986115932,5.761012777686119,1.9707515500485897,La-Liga,2025-2026,14,2025-12-04 15:13:25
5110,Mariano,9,266,0,0.1475527435541153,0,0.7592702507972717,5,2,1,0,F S,Alaves,0,0.1475527435541153,0.9259187541902065,0.019095754250884056,La-Liga,2025-2026,14,2025-12-04 15:13:25
5140,Kike Barja,11,103,0,0.015479790046811104,0,0.07618151605129242,1,1,1,0,M S,Osasuna,0,0.015479790046811104,0.20621748268604279,0.11455617658793926,La-Liga,2025-2026,14,2025-12-04 15:13:25
5162,Nacho Vidal,11,893,0,0.5219362825155258,0,0.02079380676150322,5,1,2,0,D,Real Oviedo,0,0.5219362825155258,1.576503811404109,1.0636289678514004,La-Liga,2025-2026,14,2025-12-04 15:13:25
5179,Jon Guridi,10,396,0,0.7989368475973606,0,0,4,0,0,0,F M S,Alaves,0,0.7989368475973606,1.5398626513779163,0.740925770252943,La-Liga,2025-2026,14,2025-12-04 15:13:25
5185,Unai Simón,15,1350,0,0,0,0,0,0,0,0,GK,Athletic Club,0,0,0.9963397551327944,0.9963397551327944,La-Liga,2025-2026,14,2025-12-04 15:13:25
5199,Raba,11,235,0,0.19945612736046314,1,0.3187341094017029,7,2,0,0,F S,Valencia,0,0.19945612736046314,0.46853118669241667,0.08530969265848398,La-Liga,2025-2026,14,2025-12-04 15:13:25
5353,Josip Brekalo,9,313,0,0.20437382068485022,0,0.9384422972798347,5,9,1,0,F M S,Real Oviedo,0,0.20437382068485022,1.7093277610838413,0.6706194560974836,La-Liga,2025-2026,14,2025-12-04 15:13:25
5615,Valentin Rosier,8,616,0,0.09493550378829241,1,0.5920623131096363,3,4,1,1,D,Osasuna,0,0.09493550378829241,0.9480654262006283,0.44374444149434566,La-Liga,2025-2026,14,2025-12-04 15:13:25
5672,Iván Balliu,5,131,0,0.012730253860354424,0,0.022238723933696747,1,1,1,0,D S,Rayo Vallecano,0,0.012730253860354424,0.5536122843623161,0.518643319606781,La-Liga,2025-2026,14,2025-12-04 15:13:25
5947,Mihailo Ristic,4,265,0,0.016058174893260002,0,0.06603759899735451,1,2,0,0,D,Celta Vigo,0,0.016058174893260002,0.6196794584393501,0.5375836826860905,La-Liga,2025-2026,14,2025-12-04 15:13:25
6075,Antonio Sivera,14,1260,0,0,0,0,0,0,0,0,GK,Alaves,0,0,0.9600361147895455,0.9600361147895455,La-Liga,2025-2026,14,2025-12-04 15:13:25
6118,Portu,10,463,0,1.6742162741720676,0,0.18959057331085205,9,3,2,0,F M S,Girona,0,1.6742162741720676,2.053294636309147,0.457047451287508,La-Liga,2025-2026,14,2025-12-04 15:13:25
6151,Djené Dakonam,14,960,0,0.03960739355534315,0,0.06647966057062149,2,1,3,0,D M S,Getafe,0,0.03960739355534315,0.847589697688818,0.8195739798247814,La-Liga,2025-2026,14,2025-12-04 15:13:25
6177,Luiz Felipe,5,238,0,0.08720973879098892,0,0,1,0,1,0,D S,Rayo Vallecano,0,0.08720973879098892,0.1091226190328598,0.1091226190328598,La-Liga,2025-2026,14,2025-12-04 15:13:25
6224,Marko Dmitrovic,14,1260,0,0,0,0,0,0,0,0,GK,Espanyol,0,0,1.7360893534496427,1.7360893534496427,La-Liga,2025-2026,14,2025-12-04 15:13:25
6241,Federico Valverde,15,1210,0,0.5774998124688864,4,1.769838210195303,19,18,1,0,D F M S,Real Madrid,0,0.5774998124688864,8.35786746814847,7.382221277803183,La-Liga,2025-2026,14,2025-12-04 15:13:25
6242,Johan Mojica,14,1029,0,0.21951038390398026,3,1.9029187010601163,8,16,2,0,D S,Mallorca,0,0.21951038390398026,3.6047212444245815,1.7656909646466374,La-Liga,2025-2026,14,2025-12-04 15:13:25
6291,Diego Pampín,3,104,0,0,0,0.06793508678674698,0,1,1,0,D S,Levante,0,0,0.18459458649158478,0.1166594997048378,La-Liga,2025-2026,14,2025-12-04 15:13:25
6306,Juan Foyth,8,647,0,0.07373266108334064,0,0,2,0,1,0,D,Villarreal,0,0.07373266108334064,2.662998765707016,2.662998765707016,La-Liga,2025-2026,14,2025-12-04 15:13:25
6324,Marash Kumbulla,4,216,0,0.015028762631118298,0,0.02258423902094364,1,1,0,0,D S,Mallorca,0,0.015028762631118298,0.14377460815012455,0.14377460815012455,La-Liga,2025-2026,14,2025-12-04 15:13:25
6325,Andoni Gorosabel,6,336,0,0.02071920596063137,1,0.29012189246714115,1,5,1,0,D S,Athletic Club,0,0.02071920596063137,1.2364911418408155,1.0327051803469658,La-Liga,2025-2026,14,2025-12-04 15:13:25
6421,Brahim Diaz,11,294,0,0.2551013268530369,2,1.4515103250741959,4,10,1,0,F M S,Real Madrid,0,0.2551013268530369,2.4431615993380547,1.1709019541740417,La-Liga,2025-2026,14,2025-12-04 15:13:25
6485,Júnior Firpo,6,437,0,0.3533903732895851,1,0.9201705604791641,4,7,2,0,D S,Real Betis,0,0.3533903732895851,2.498266525566578,2.024636559188366,La-Liga,2025-2026,14,2025-12-04 15:13:25
6560,Aurelien Tchouameni,13,1046,0,1.5114778392016888,0,0.7050563246011734,16,6,4,0,M S,Real Madrid,0,1.5114778392016888,6.439997248351574,5.331764869391918,La-Liga,2025-2026,14,2025-12-04 15:13:25
6592,Manuel Morlanes,11,717,0,0.20177221950143576,0,0.489077253267169,3,6,0,1,M S,Mallorca,0,0.20177221950143576,2.9731474816799164,2.370828077197075,La-Liga,2025-2026,14,2025-12-04 15:13:25
6651,Grady Diangana,6,256,0,0.173764668405056,0,0.14764417707920074,4,2,1,0,M S,Elche,0,0.173764668405056,0.9880699291825294,0.717415127903223,La-Liga,2025-2026,14,2025-12-04 15:13:25
6656,Sergio Gómez,14,926,0,0.529016338288784,0,1.8906706273555756,4,14,1,0,D M S,Real Sociedad,0,0.529016338288784,3.921192791312933,2.4593420680612326,La-Liga,2025-2026,14,2025-12-04 15:13:25
6766,Dani Vivian,14,1232,0,0.7920181602239609,0,0.7177998423576355,7,3,4,1,D,Athletic Club,0,0.7920181602239609,2.549714617431164,2.419298730790615,La-Liga,2025-2026,14,2025-12-04 15:13:25
6916,Fernando Calero,10,749,0,0.7799359485507011,0,0.024263612926006317,3,1,2,0,D S,Espanyol,0,0.7799359485507011,1.4933301024138927,1.3560991697013378,La-Liga,2025-2026,14,2025-12-04 15:13:25
6931,Fran Beltrán,8,469,0,0.33878503926098347,0,0.09601030498743057,6,1,0,0,M S,Celta Vigo,0,0.33878503926098347,1.9860720904543996,1.76481809373945,La-Liga,2025-2026,14,2025-12-04 15:13:25
6955,Ezequiel Ávila,5,36,0,0.1430029571056366,0,0,1,0,1,0,S,Real Betis,0,0.1430029571056366,0.1430029571056366,0,La-Liga,2025-2026,14,2025-12-04 15:13:25
7007,Duje Caleta-Car,9,792,0,0.8787037879228592,0,0.19668001495301723,5,3,3,0,D,Real Sociedad,0,0.8787037879228592,2.921159267425537,2.724479228258133,La-Liga,2025-2026,14,2025-12-04 15:13:25
7050,Lucas Torró,13,1001,0,0.9355684667825699,1,0.6171243749558926,7,3,3,0,M,Osasuna,0,0.9355684667825699,1.820296848192811,1.1357697937637568,La-Liga,2025-2026,14,2025-12-04 15:13:25
7086,David Hancko,15,1182,0,0.620426194742322,2,1.9156040716916323,12,9,0,0,D S,Atletico Madrid,0,0.620426194742322,6.765761621296406,4.889364045113325,La-Liga,2025-2026,14,2025-12-04 15:13:25
7095,Juan Musso,1,90,0,0,0,0,0,0,1,0,GK,Atletico Madrid,0,0,0.13032278418540955,0.13032278418540955,La-Liga,2025-2026,14,2025-12-04 15:13:25
7287,Iñaki Peña,8,720,0,0,0,0.038399845361709595,0,1,0,0,GK,Elche,0,0,1.1444729082286358,1.1060730330646038,La-Liga,2025-2026,14,2025-12-04 15:13:25
7306,Aihen Muñoz,10,458,0,0.11936255916953087,0,0.17333845049142838,3,2,1,0,D S,Real Sociedad,0,0.11936255916953087,2.1075435616075993,1.8626005724072456,La-Liga,2025-2026,14,2025-12-04 15:13:25
7338,Bryan Gil Salvatierra,11,504,0,1.1637509725987911,3,1.6134045496582985,10,6,1,0,M S,Girona,0,1.1637509725987911,3.838709067553282,2.2329929172992706,La-Liga,2025-2026,14,2025-12-04 15:13:25
7350,Yangel Herrera,4,210,0,0.5123647022992373,0,0,3,0,1,0,M,"Girona,Real Sociedad",0,0.5123647022992373,0.1789857465773821,0.13895705342292786,La-Liga,2025-2026,14,2025-12-04 15:13:25
7385,Javi Galán,5,120,0,0,0,0.18646086007356644,0,3,0,0,D S,Atletico Madrid,0,0,1.1531541906297207,1.0690116249024868,La-Liga,2025-2026,14,2025-12-04 15:13:25
7424,Alex Sola,1,10,0,0,0,0,0,0,0,0,S,Getafe,0,0,0,0,La-Liga,2025-2026,14,2025-12-04 15:13:25
7500,Giacomo Raspadori,9,166,0,0.8766965568065643,0,0.6586459316313267,7,3,0,0,F S,Atletico Madrid,0,0.8766965568065643,1.585364405065775,0.19794173538684845,La-Liga,2025-2026,14,2025-12-04 15:13:25
7515,Andrei Ratiu,14,1260,0,1.3848795350641012,1,2.747844636440277,14,16,4,0,D M,Rayo Vallecano,0,1.3848795350641012,6.824566625058651,4.533452447503805,La-Liga,2025-2026,14,2025-12-04 15:13:25
7528,Sergio Camello,8,213,0,1.2196971029043198,0,0.07893034815788269,6,3,1,1,F S,Rayo Vallecano,0,1.2196971029043198,1.4137743338942528,0.1395636945962906,La-Liga,2025-2026,14,2025-12-04 15:13:25
7529,Iván Martín,12,981,0,0.35518511570990086,1,0.7676473204046488,3,8,1,1,M S,Girona,0,0.35518511570990086,3.6644635554403067,2.6707231421023607,La-Liga,2025-2026,14,2025-12-04 15:13:25
7549,Abel Ruiz,3,28,0,0,0,0,0,0,0,0,S,Girona,0,0,0,0,La-Liga,2025-2026,14,2025-12-04 15:13:25
7574,Leo Petrot,13,428,0,0.07209043949842453,0,0.025175416842103004,1,1,0,0,D S,Elche,0,0.07209043949842453,0.7981620281934738,0.7008961737155914,La-Liga,2025-2026,14,2025-12-04 15:13:25
7613,Moussa Diarra,3,225,0,0,0,0.015075083822011948,0,1,1,0,D,Alaves,0,0,0.06127706915140152,0.06127706915140152,La-Liga,2025-2026,14,2025-12-04 15:13:25
7655,Carl Starfelt,8,506,0,0.3340917229652405,0,0,3,0,1,1,D S,Celta Vigo,0,0.3340917229652405,1.9156900458037853,1.9156900458037853,La-Liga,2025-2026,14,2025-12-04 15:13:25
7781,Frenkie de Jong,10,826,0,0.22670355066657066,2,1.4166721999645233,3,14,1,1,M S,Barcelona,0,0.22670355066657066,8.503947265446186,7.537921570241451,La-Liga,2025-2026,14,2025-12-04 15:13:25
7825,Iker Losada,3,23,0,0,0,0,0,0,0,0,S,Levante,0,0,0,0,La-Liga,2025-2026,14,2025-12-04 15:13:25
7826,Joseph Aidoo,2,105,0,0,0,0,0,0,0,0,D S,Celta Vigo,0,0,0.01962873712182045,0.01962873712182045,La-Liga,2025-2026,14,2025-12-04 15:13:25
7838,Martin Valjent,14,1260,0,0.3125011585652828,0,0.029426926746964455,9,1,1,0,D,Mallorca,0,0.3125011585652828,3.6319084651768208,3.3332343278452754,La-Liga,2025-2026,14,2025-12-04 15:13:25
7841,Dani Rodríguez,2,56,0,0.02346600592136383,0,0,1,0,0,0,S,Mallorca,0,0.02346600592136383,0.09653826057910919,0.07307225465774536,La-Liga,2025-2026,14,2025-12-04 15:13:25
7857,Jon Moncayola,14,1231,0,0.5851819794625044,1,2.383843120187521,8,15,2,0,D M,Osasuna,0,0.5851819794625044,2.6549345925450325,1.079164918512106,La-Liga,2025-2026,14,2025-12-04 15:13:25
7859,Sergio Herrera,14,1260,0,0,0,0,0,0,1,0,GK,Osasuna,0,0,0.6886400189250708,0.6886400189250708,La-Liga,2025-2026,14,2025-12-04 15:13:25
7860,Domingos Duarte,12,1041,0,0.3456630427390337,0,0,5,0,3,0,D,Getafe,0,0.3456630427390337,0.21376089099794626,0.21376089099794626,La-Liga,2025-2026,14,2025-12-04 15:13:25
7882,Sheraldo Becker,7,88,0,0.16511926800012589,0,0.25038790702819824,3,2,0,0,S,Osasuna,0,0.16511926800012589,0.41550716757774353,0,La-Liga,2025-2026,14,2025-12-04 15:13:25
7927,Sofyan Amrabat,8,593,0,0.11247729696333408,0,0.18590909987688065,4,4,3,0,M S,Real Betis,0,0.11247729696333408,2.5722275860607624,2.2977540343999863,La-Liga,2025-2026,14,2025-12-04 15:13:25
7981,Nianzou Kouassi,5,308,0,0.12777877412736416,0,0,3,0,4,0,D S,Sevilla,0,0.12777877412736416,0.8059810474514961,0.7909108474850655,La-Liga,2025-2026,14,2025-12-04 15:13:25
8002,Rodrigo Riquelme,11,451,0,0.7798415292054415,1,1.2839369587600231,9,11,0,0,M S,Real Betis,0,0.7798415292054415,3.3965794555842876,1.403122109360993,La-Liga,2025-2026,14,2025-12-04 15:13:25
8014,Abdón Prats,6,53,0,0,0,0.11498812586069107,0,2,0,0,S,Mallorca,0,0,0.12870576418936253,0.013717638328671455,La-Liga,2025-2026,14,2025-12-04 15:13:25
8015,Rodrygo,13,306,0,0.9506227374076843,0,0.556869387626648,15,5,0,0,F M S,Real Madrid,0,0.9506227374076843,2.2808635532855988,0.9439076036214828,La-Liga,2025-2026,14,2025-12-04 15:13:25
8058,Thierry Correia,9,620,0,0.06536193192005157,0,0.3352969251573086,2,4,2,0,D S,Valencia,0,0.06536193192005157,1.8681161291897297,1.78337412327528,La-Liga,2025-2026,14,2025-12-04 15:13:25
8183,Pablo Martínez,9,519,0,0.8279065862298012,1,1.3762276535853744,12,7,1,0,M S,Levante,0,0.8279065862298012,2.747490501962602,1.387982003390789,La-Liga,2025-2026,14,2025-12-04 15:13:25
8283,Batista Mendy,10,730,0,0.09682842716574669,0,0.18126552924513817,4,3,2,0,M S,Sevilla,0,0.09682842716574669,1.9860741533339024,1.7308037970215082,La-Liga,2025-2026,14,2025-12-04 15:13:25
8329,Unai Vencedor,8,543,0,0,0,1.0881686378270388,0,7,1,1,M,Levante,0,0,1.335191112011671,0.6971913315355778,La-Liga,2025-2026,14,2025-12-04 15:13:25
8409,Juanlu Sanchez,12,862,0,0.45815967582166195,1,0.7463116236031055,6,9,0,0,D M S,Sevilla,0,0.45815967582166195,2.3657099418342113,1.2844306267797947,La-Liga,2025-2026,14,2025-12-04 15:13:25
8413,Javier López,5,385,0,0,0,0.2675657104700804,0,5,0,0,D,Real Oviedo,0,0,0.5611967127770185,0.3744215741753578,La-Liga,2025-2026,14,2025-12-04 15:13:25
8416,Sergio Lozano,1,7,0,0,0,0,0,0,0,0,S,Levante,0,0,0,0,La-Liga,2025-2026,14,2025-12-04 15:13:25
8423,Jon Pacheco Dozagarat,8,601,0,0.0704185739159584,0,0.06179735064506531,1,1,2,0,D S,Alaves,0,0.0704185739159584,0.6725679580122232,0.6725679580122232,La-Liga,2025-2026,14,2025-12-04 15:13:25
8424,Aimar Oroz,8,555,0,0.43803030997514725,1,1.0531337521970272,8,14,3,0,F M S,Osasuna,0,0.43803030997514725,1.1157554760575294,0.5078162979334593,La-Liga,2025-2026,14,2025-12-04 15:13:25
8500,Víctor García,8,245,0,0.098628468811512,0,0.37930067628622055,3,3,0,0,M S,Levante,0,0.098628468811512,0.26236288622021675,0.14268480241298676,La-Liga,2025-2026,14,2025-12-04 15:13:25
8548,Arnau Tenas,3,270,0,0,0,0,0,0,0,0,GK,Villarreal,0,0,0.17060019820928574,0.17060019820928574,La-Liga,2025-2026,14,2025-12-04 15:13:25
8689,Yvan Neyou,5,49,0,0,0,0,0,0,2,0,S,Getafe,0,0,0,0,La-Liga,2025-2026,14,2025-12-04 15:13:25
8694,Chidera Ejuke,11,372,0,0.6150164483115077,1,0.7443804442882538,9,6,0,0,F M S,Sevilla,0,0.6150164483115077,1.8362355642020702,1.0349223222583532,La-Liga,2025-2026,14,2025-12-04 15:13:25
8725,Luis Milla,14,1260,0,0.32419075444340706,6,3.2979283668100834,10,30,2,0,M,Getafe,0,0.32419075444340706,2.685910782776773,1.3495378382503986,La-Liga,2025-2026,14,2025-12-04 15:13:25
8744,Juan Cruz,10,564,0,0.5461479425430298,0,0.07363276183605194,1,2,0,0,D S,Osasuna,0,0.5461479425430298,0.9202199894934893,0.8465872090309858,La-Liga,2025-2026,14,2025-12-04 15:13:25
8760,Arsen Zakharyan,8,210,0,0.12710387259721756,0,0.7293965891003609,6,6,1,0,M S,Real Sociedad,0,0.12710387259721756,1.599939614534378,1.0878592338413,La-Liga,2025-2026,14,2025-12-04 15:13:25
8764,Oriol Rey,11,738,0,0.1823338968679309,0,0.09645482897758484,4,2,2,0,M S,Levante,0,0.1823338968679309,3.359131120145321,3.1482018381357193,La-Liga,2025-2026,14,2025-12-04 15:13:25
8821,Donny van de Beek,2,37,0,0.07745239697396755,0,0,2,0,0,0,M S,Girona,0,0.07745239697396755,0.37449878454208374,0.29704639315605164,La-Liga,2025-2026,14,2025-12-04 15:13:25
8861,Urko Gonzalez,13,609,0,0.1808636672794819,1,0.07112423703074455,5,3,1,0,M S,"Espanyol,Real Sociedad",0,0.1808636672794819,1.942634267732501,1.8107912968844175,La-Liga,2025-2026,14,2025-12-04 15:13:25
8872,Matteo Ruggeri,9,522,0,0.07094630971550941,0,0.2454475536942482,2,4,1,0,D S,Atletico Madrid,0,0.07094630971550941,3.863663636147976,3.7434873059391975,La-Liga,2025-2026,14,2025-12-04 15:13:25
8893,Josan,6,260,0,0.19446737319231033,1,1.709693267941475,2,8,1,0,D M S,Elche,0,0.19446737319231033,2.835758924484253,1.2282898016273975,La-Liga,2025-2026,14,2025-12-04 15:13:25
8902,José Salinas,7,118,0,0,0,0.11316084116697311,0,3,1,0,D S,Espanyol,0,0,0.8957800716161728,0.8757600039243698,La-Liga,2025-2026,14,2025-12-04 15:13:25
8946,Mourad El Ghezouani,2,42,0,0.1101522445678711,0,0.03020547889173031,1,1,0,0,S,Elche,0,0.1101522445678711,0.2580279465764761,0.1176702231168747,La-Liga,2025-2026,14,2025-12-04 15:13:25
8963,Nahuel Molina,11,382,0,0.014908450655639172,1,1.07895733602345,1,7,1,0,D S,Atletico Madrid,0,0.014908450655639172,3.5159244537353516,2.616209752857685,La-Liga,2025-2026,14,2025-12-04 15:13:25
8972,Victor Chust,10,681,0,0.2883487939834595,0,0.048906778916716576,3,2,3,1,D S,Elche,0,0.2883487939834595,1.2372979503124952,1.2372979503124952,La-Liga,2025-2026,14,2025-12-04 15:13:25
9008,Jairo Izquierdo,1,22,0,0,0,0,0,0,0,0,S,Elche,0,0,0,0,La-Liga,2025-2026,14,2025-12-04 15:13:25
9024,Yeremi Pino,2,165,0,0.12507127225399017,1,0.8602673262357712,2,6,0,0,M,Villarreal,0,0.12507127225399017,2.0280728340148926,1.4558568000793457,La-Liga,2025-2026,14,2025-12-04 15:13:25
9217,Jesús Vázquez,9,347,0,0.17167638055980206,0,0.2357187271118164,5,4,0,0,D S,Valencia,0,0.17167638055980206,1.0244899708777666,0.8427355289459229,La-Liga,2025-2026,14,2025-12-04 15:13:25
9243,Ilaix Moriba,14,910,0,0.37353235855698586,1,1.1769262999296188,10,10,1,0,M S,Celta Vigo,0,0.37353235855698586,3.9443577555939555,2.556141395121813,La-Liga,2025-2026,14,2025-12-04 15:13:25
9280,Antonio Blanco,13,1123,0,0.31232274789363146,0,0.22287730127573013,13,5,5,0,M,Alaves,0,0.31232274789363146,3.7220048271119595,3.513392461463809,La-Liga,2025-2026,14,2025-12-04 15:13:25
9297,Abdelkabir Abqar,8,609,0,0.33344236109405756,1,0.5927364751696587,6,2,5,0,D S,Getafe,0,0.33344236109405756,0.16204833891242743,0.14927109144628048,La-Liga,2025-2026,14,2025-12-04 15:13:25
9424,Pablo Cuñat,2,180,0,0,0,0,0,0,0,0,GK,Levante,0,0,0,0,La-Liga,2025-2026,14,2025-12-04 15:13:25
9465,Beñat Turrientes,7,260,0,0.23921295441687107,0,0.02101115509867668,6,1,2,0,M S,Real Sociedad,0,0.23921295441687107,1.4666720107197762,1.3282125666737556,La-Liga,2025-2026,14,2025-12-04 15:13:25
9466,Jon Ander Olasagasti,11,413,0,0.2098255753517151,1,0.9419905282557011,6,4,1,0,M S,Levante,0,0.2098255753517151,1.105145113542676,0.34434631280601025,La-Liga,2025-2026,14,2025-12-04 15:13:25
9505,Beñat Prados,2,87,0,0.02024441957473755,0,0.03657878190279007,1,2,1,0,M S,Athletic Club,0,0.02024441957473755,0.1660694107413292,0.12949062883853912,La-Liga,2025-2026,14,2025-12-04 15:13:25
9519,Carlos Domínguez,6,425,0,0.04288867488503456,0,0.032405056059360504,1,1,1,0,D S,Celta Vigo,0,0.04288867488503456,2.0606513395905495,2.028246283531189,La-Liga,2025-2026,14,2025-12-04 15:13:25
9520,Hugo Sotelo,11,715,0,0.08968411758542061,1,1.305143916979432,2,15,1,0,M S,Celta Vigo,0,0.08968411758542061,4.1906372755765915,3.7164304945617914,La-Liga,2025-2026,14,2025-12-04 15:13:25
9755,Inigo Ruiz de Galarreta,13,862,0,0.2182116974145174,0,0.6364983282983303,7,4,6,0,M S,Athletic Club,0,0.2182116974145174,1.6779280751943588,1.4933264553546906,La-Liga,2025-2026,14,2025-12-04 15:13:25
9768,Jesús Areso,12,779,0,0.032481174916028976,1,0.7496945634484291,1,9,1,0,D S,Athletic Club,0,0.032481174916028976,1.0090061500668526,0.6732402928173542,La-Liga,2025-2026,14,2025-12-04 15:13:25
9773,Joan García,9,810,0,0,0,0,0,0,1,0,GK,Barcelona,0,0,3.644300252199173,3.644300252199173,La-Liga,2025-2026,14,2025-12-04 15:13:25
9793,Matías Dituro,6,540,0,0,0,0.07724954187870026,0,1,1,0,GK,Elche,0,0,1.8588059954345226,1.7815564684569836,La-Liga,2025-2026,14,2025-12-04 15:13:25
9804,Gavi,2,50,0,0,1,0.14011242240667343,0,3,0,0,S,Barcelona,0,0,0.5714934319257736,0.46363574266433716,La-Liga,2025-2026,14,2025-12-04 15:13:25
9805,Álex Balde,11,841,0,0.19425151124596596,2,1.5698646232485771,5,11,1,0,D S,Barcelona,0,0.19425151124596596,7.120072212070227,5.46938943490386,La-Liga,2025-2026,14,2025-12-04 15:13:25
9810,Fran García,4,255,0,0.031042372807860374,0,0.07125883176922798,1,2,0,0,D M S,Real Madrid,0,0.031042372807860374,2.0130593180656433,1.9623693823814392,La-Liga,2025-2026,14,2025-12-04 15:13:25
9811,Óscar Valentín,12,741,0,0.1493514822795987,0,0.04325535148382187,4,1,0,0,M S,Rayo Vallecano,0,0.1493514822795987,3.3668479193001986,3.1935661882162094,La-Liga,2025-2026,14,2025-12-04 15:13:25
9813,Randy Nteka,3,24,0,0.019759509712457657,0,0,1,0,0,0,S,Rayo Vallecano,0,0.019759509712457657,0,0,La-Liga,2025-2026,14,2025-12-04 15:13:25
9815,Pathé Ciss,13,861,0,1.121130146086216,0,0.1680617481470108,6,5,2,1,D M S,Rayo Vallecano,0,1.121130146086216,5.29466675594449,4.282085537910461,La-Liga,2025-2026,14,2025-12-04 15:13:25
9824,Julen Agirrezabala,14,1260,0,0,0,0.013403872959315777,0,1,1,0,GK,Valencia,0,0,0.65143290348351,0.65143290348351,La-Liga,2025-2026,14,2025-12-04 15:13:25
9825,Nicolás Serrano,6,144,0,0.238236416131258,0,0.1319068819284439,5,2,0,0,M S,Athletic Club,0,0.238236416131258,0.570318192243576,0.28094545006752014,La-Liga,2025-2026,14,2025-12-04 15:13:25
9839,Leo Román,10,900,0,0,0,0,0,0,1,0,GK,Mallorca,0,0,0.6582629103213549,0.6582629103213549,La-Liga,2025-2026,14,2025-12-04 15:13:25
9922,Jon Karrikaburu,4,55,0,0.29232681542634964,0,0.023855186998844147,4,1,0,0,S,Real Sociedad,0,0.29232681542634964,0.12635616958141327,0,La-Liga,2025-2026,14,2025-12-04 15:13:25
9970,Antonio Sánchez,11,400,0,0.06974245421588421,0,0.46136435866355896,3,3,2,1,M S,Mallorca,0,0.06974245421588421,1.6437240168452263,1.1498199552297592,La-Liga,2025-2026,14,2025-12-04 15:13:25
10067,Rubén Sánchez,7,283,0,0.01150934025645256,0,0.07449056580662727,1,3,0,0,D S,Espanyol,0,0.01150934025645256,2.578640326857567,2.554368454962969,La-Liga,2025-2026,14,2025-12-04 15:13:25
10107,César Tárrega,14,1260,0,0.20260597672313452,0,0.09015997312963009,4,2,4,0,D,Valencia,0,0.20260597672313452,1.690112161450088,1.62500202935189,La-Liga,2025-2026,14,2025-12-04 15:13:25
10121,Ilias Akhomach,8,162,0,1.0958134271204472,0,0.6373097226023674,6,5,0,0,M S,Villarreal,0,1.0958134271204472,1.899154681712389,0.36449605599045753,La-Liga,2025-2026,14,2025-12-04 15:13:25
10128,Javi Llabrés,6,111,0,0.08171743340790272,0,0.04367212951183319,2,1,0,0,M S,Mallorca,0,0.08171743340790272,0.09596263617277145,0.04367212951183319,La-Liga,2025-2026,14,2025-12-04 15:13:25
10143,Bryan Zaragoza,13,683,0,0.730776023119688,0,1.1027364134788513,17,10,0,0,F S,Celta Vigo,0,0.730776023119688,4.181441195309162,2.6837085215374827,La-Liga,2025-2026,14,2025-12-04 15:13:25
10189,Marc Pubill,3,112,0,0.022888874635100365,0,0.14517390727996826,1,1,0,0,D S,Atletico Madrid,0,0.022888874635100365,1.4012079238891602,1.4012079238891602,La-Liga,2025-2026,14,2025-12-04 15:13:25
10209,Jofre Carreras,8,244,0,0.0975286141037941,0,0.21311407163739204,1,3,0,0,M S,Espanyol,0,0.0975286141037941,0.46751048788428307,0.24042562395334244,La-Liga,2025-2026,14,2025-12-04 15:13:25
10319,Adrián De la Fuente,12,842,0,0.61344363540411,0,0.0692486371845007,4,3,2,0,D S,Levante,0,0.61344363540411,1.7941294498741627,1.724198129028082,La-Liga,2025-2026,14,2025-12-04 15:13:25
10322,Javier Guerra,14,860,0,1.0741112437099218,2,1.3021679744124413,12,10,2,0,M S,Valencia,0,1.0741112437099218,3.4058092292398214,2.1307091545313597,La-Liga,2025-2026,14,2025-12-04 15:13:25
10334,Kike Salas,5,404,0,0.10511894337832928,0,0.04813680797815323,2,1,0,0,D S,Sevilla,0,0.10511894337832928,1.7898902371525764,1.7666653841733932,La-Liga,2025-2026,14,2025-12-04 15:13:25
10382,Eray Cömert,2,39,0,0,0,0,0,0,0,0,S,Valencia,0,0,0.051818422973155975,0.051818422973155975,La-Liga,2025-2026,14,2025-12-04 15:13:25
10526,Abu Kamara,7,120,0,0.3262110650539398,0,0.05206183157861233,1,2,0,0,M S,Getafe,0,0.3262110650539398,0.37827289663255215,0,La-Liga,2025-2026,14,2025-12-04 15:13:25
10614,Damián Rodríguez,2,155,0,0.06661918014287949,0,0.12111035734415054,3,2,1,0,M,Celta Vigo,0,0.06661918014287949,1.6293264627456665,1.5556451082229614,La-Liga,2025-2026,14,2025-12-04 15:13:25
10620,Luca Koleosho,3,48,0,0.024271871894598007,0,0.018936829641461372,1,1,0,0,S,Espanyol,0,0.024271871894598007,0.2459692731499672,0.20276057720184326,La-Liga,2025-2026,14,2025-12-04 15:13:25
10858,Jorge Herrando,10,376,0,0.17066956497728825,0,0,3,0,0,0,D S,Osasuna,0,0.17066956497728825,0.09060916490852833,0.09060916490852833,La-Liga,2025-2026,14,2025-12-04 15:13:25
10870,Williot Swedberg,7,242,0,0.3875354565680027,0,0.14787055552005768,2,1,1,0,F M S,Celta Vigo,0,0.3875354565680027,1.0571207143366337,0.5217147134244442,La-Liga,2025-2026,14,2025-12-04 15:13:25
10875,Omar El Hilali,14,997,0,0.013671329244971275,2,1.251109853386879,1,9,3,0,D S,Espanyol,0,0.013671329244971275,1.9032170223072171,1.2153605269268155,La-Liga,2025-2026,14,2025-12-04 15:13:25
10936,Charles Pickel,8,275,0,0.26387158781290054,0,0.025242310017347336,5,1,1,0,M S,Espanyol,0,0.26387158781290054,1.7313786149024963,1.6437997724860907,La-Liga,2025-2026,14,2025-12-04 15:13:25
10947,Ramón Terrats,9,234,0,0.03147441800683737,0,0.742793507874012,2,3,0,0,M S,Espanyol,0,0.03147441800683737,1.022246672771871,0.24797873198986053,La-Liga,2025-2026,14,2025-12-04 15:13:25
10975,Largie Ramazani,5,73,0,0.29392557218670845,1,0.5271832942962646,6,1,0,0,S,Valencia,0,0.29392557218670845,1.860347669571638,1.0579747632145882,La-Liga,2025-2026,14,2025-12-04 15:13:25
10982,Copete,11,880,0,1.711044367402792,0,0.017888128757476807,7,1,2,0,D S,Valencia,0,1.711044367402792,0.8218699423596263,0.7706288686022162,La-Liga,2025-2026,14,2025-12-04 15:13:25
11025,Pablo Torre,13,631,0,0.43308511562645435,2,1.1618760116398335,5,14,1,0,M S,Mallorca,0,0.43308511562645435,1.533981205895543,0.43698286451399326,La-Liga,2025-2026,14,2025-12-04 15:13:25
11057,André Almeida,8,403,0,0.11205987259745598,0,0.6994487810879946,4,5,0,0,F M S,Valencia,0,0.11205987259745598,2.1171082723885775,1.5028364062309265,La-Liga,2025-2026,14,2025-12-04 15:13:25
11151,Marc Casadó,11,527,0,0.2786039998754859,1,0.3243696168065071,7,8,0,0,M S,Barcelona,0,0.2786039998754859,5.237971566617489,4.865617744624615,La-Liga,2025-2026,14,2025-12-04 15:13:25
11185,Pablo Marín,13,555,0,0.47741806134581566,0,0.07365610636770725,6,2,1,0,M S,Real Sociedad,0,0.47741806134581566,1.346487157046795,0.8445667736232281,La-Liga,2025-2026,14,2025-12-04 15:13:25
11266,Manu Bueno,2,11,0,0.09565921127796173,0,0,1,0,0,0,S,Sevilla,0,0.09565921127796173,0.09565921127796173,0.09565921127796173,La-Liga,2025-2026,14,2025-12-04 15:13:25
11343,Gabriel Suazo,11,924,0,0.1622139811515808,2,1.2752423733472824,2,23,3,0,D S,Sevilla,0,0.1622139811515808,2.630199071019888,2.1087224800139666,La-Liga,2025-2026,14,2025-12-04 15:13:25
11381,Dawda Camara,2,73,0,0.16032399237155914,0,0.07423870265483856,2,1,0,0,F S,Girona,0,0.16032399237155914,0.13990389555692673,0,La-Liga,2025-2026,14,2025-12-04 15:13:25
11383,Renato Veiga,12,871,0,0.08432519715279341,0,0.026899155229330063,4,1,1,0,D S,Villarreal,0,0.08432519715279341,4.661455078050494,4.595361210405827,La-Liga,2025-2026,14,2025-12-04 15:13:25
11395,Iker Muñoz,4,184,0,0.02655445598065853,0,0,1,0,1,0,M S,Osasuna,0,0.02655445598065853,0.34771687909960747,0.3211624249815941,La-Liga,2025-2026,14,2025-12-04 15:13:25
11401,Haissem Hassan,13,771,0,1.0382169224321842,1,0.3790375627577305,17,5,1,0,F M S,Real Oviedo,0,1.0382169224321842,1.924872174859047,0.7345777377486229,La-Liga,2025-2026,14,2025-12-04 15:13:25
11531,Unai Gómez,9,256,0,0.31131597235798836,0,0.22007383033633232,6,3,0,0,F M S,Athletic Club,0,0.31131597235798836,0.6192827820777893,0.15343628078699112,La-Liga,2025-2026,14,2025-12-04 15:13:25
11617,Yago Alonso,2,34,0,0,0,0.08231541514396667,0,2,0,0,S,Elche,0,0,0.1457687821239233,0.11613412760198116,La-Liga,2025-2026,14,2025-12-04 15:13:25
11740,Álvaro Vallés,7,630,0,0,0,0,0,0,0,0,GK,Real Betis,0,0,0.7228747643530369,0.7228747643530369,La-Liga,2025-2026,14,2025-12-04 15:13:25
11744,Sergi Cardona,11,736,0,0.21613630652427673,2,1.8687576651573181,4,9,1,0,D S,Villarreal,0,0.21613630652427673,6.081064343452454,5.667217910289764,La-Liga,2025-2026,14,2025-12-04 15:13:25
11809,Lucas Bergström,4,360,0,0,0,0,0,0,1,0,GK,Mallorca,0,0,0.8031794130802155,0.8031794130802155,La-Liga,2025-2026,14,2025-12-04 15:13:25
11825,Abderrahmane Rebbach,11,526,0,1.2725254315882921,0,1.7130606435239315,15,12,3,0,M S,Alaves,0,1.2725254315882921,2.086370497941971,0.3846423178911209,La-Liga,2025-2026,14,2025-12-04 15:13:25
11826,Carlos Benavídez,3,28,0,0.0665455088019371,0,0.022821901366114616,1,1,0,0,S,Alaves,0,0.0665455088019371,0.08936741016805172,0,La-Liga,2025-2026,14,2025-12-04 15:13:25
11834,Adrià Alti,1,7,0,0,0,0,0,0,0,0,S,Villarreal,0,0,0.028195347636938095,0.028195347636938095,La-Liga,2025-2026,14,2025-12-04 15:13:25
11890,Natan,14,1260,0,0.35661194007843733,0,0.1633914140984416,8,4,4,0,D,Real Betis,0,0.35661194007843733,4.6074860617518425,4.510376863181591,La-Liga,2025-2026,14,2025-12-04 15:13:25
11900,Lucas Beltrán,11,418,0,0.7692708298563957,0,0.790907971560955,6,5,0,0,F S,Valencia,0,0.7692708298563957,2.9317134842276573,1.3715346418321133,La-Liga,2025-2026,14,2025-12-04 15:13:25
11924,Clemens Riedel,7,507,0,0.10876551270484924,1,0.0513230562210083,3,1,1,0,D S,Espanyol,0,0.10876551270484924,1.6909422650933266,1.6255736723542213,La-Liga,2025-2026,14,2025-12-04 15:13:25
12005,Pau Cubarsí,11,972,0,0.27089670300483704,0,0.3548167273402214,4,4,1,0,D,Barcelona,0,0.27089670300483704,8.117239583283663,8.117239583283663,La-Liga,2025-2026,14,2025-12-04 15:13:25
12035,Gonzalo García,10,130,0,1.0479012802243233,0,0.2190805897116661,3,3,0,0,F S,Real Madrid,0,1.0479012802243233,2.1793722212314606,1.0432549118995667,La-Liga,2025-2026,14,2025-12-04 15:13:25
12044,Dani Pérez,1,1,0,0,0,0,0,0,0,0,S,Real Betis,0,0,0,0,La-Liga,2025-2026,14,2025-12-04 15:13:25
12046,Jhon Solis,9,322,0,0.08289209008216858,0,0.06164813041687012,2,1,0,0,M S,Girona,0,0.08289209008216858,0.7753563541918993,0.6694200877100229,La-Liga,2025-2026,14,2025-12-04 15:13:25
12074,David López,1,64,0,0,0,0,0,0,0,0,D,Mallorca,0,0,0.05364891514182091,0.05364891514182091,La-Liga,2025-2026,14,2025-12-04 15:13:25
12078,Alan Matturro,3,65,0,0,0,0,0,0,0,0,D S,Levante,0,0,0.08579932898283005,0.08579932898283005,La-Liga,2025-2026,14,2025-12-04 15:13:25
12171,Hector Fort,7,252,0,0.3604920879006386,0,0.0969870388507843,9,2,0,0,D S,Elche,0,0.3604920879006386,1.5164933484047651,1.1496633756905794,La-Liga,2025-2026,14,2025-12-04 15:13:25
12180,Javier Rodríguez,12,876,0,0.17420805245637894,0,0.11468987632542849,2,5,2,0,D S,Celta Vigo,0,0.17420805245637894,3.179290517233312,3.1085469042882323,La-Liga,2025-2026,14,2025-12-04 15:13:25
12182,Jon Aramburu,13,1088,0,1.3189473133534193,0,0.255574656650424,12,6,3,0,D S,Real Sociedad,0,1.3189473133534193,3.0537184048444033,2.911941369995475,La-Liga,2025-2026,14,2025-12-04 15:13:25
12189,Hugo Rincón,13,703,0,0.17998088896274567,0,0.8286341372877359,2,6,2,0,D S,Girona,0,0.17998088896274567,2.5559782795608044,1.7419802751392126,La-Liga,2025-2026,14,2025-12-04 15:13:25
12207,Victor Parada,11,576,0,1.1874828385189176,1,1.3540445333346725,5,6,3,0,D S,Alaves,0,1.1874828385189176,2.5413998253643513,1.8759991563856602,La-Liga,2025-2026,14,2025-12-04 15:13:25
12298,Augusto Batalla,14,1260,0,0,0,0.020160051062703133,0,1,1,0,GK,Rayo Vallecano,0,0,4.7115399315953255,4.6913798823952675,La-Liga,2025-2026,14,2025-12-04 15:13:25
12323,Johnny Cardoso,4,212,0,0.014573671855032444,0,0.020261287689208984,1,1,2,0,M,Atletico Madrid,0,0.014573671855032444,0.7774951159954071,0.7774951159954071,La-Liga,2025-2026,14,2025-12-04 15:13:25
12353,Jon Martín,6,540,0,0.22147975862026215,0,0.034730054438114166,3,1,3,0,D,Real Sociedad,0,0.22147975862026215,1.769766516983509,1.6702575758099556,La-Liga,2025-2026,14,2025-12-04 15:13:25
12426,Stanis Idumbo Muzambo,1,48,0,0.049450766295194626,0,0.2678038775920868,1,1,0,0,M,Sevilla,0,0.049450766295194626,0.3172546625137329,0,La-Liga,2025-2026,14,2025-12-04 15:13:25
12472,Iñigo Arguibide,1,16,0,0,0,0,0,0,0,1,S,Osasuna,0,0,0.010570474900305271,0.010570474900305271,La-Liga,2025-2026,14,2025-12-04 15:13:25
12537,Asier Osambela,5,201,0,0.051632534712553024,0,0.11084052547812462,1,2,0,0,D S,Osasuna,0,0.051632534712553024,0.18846713192760944,0.12847508303821087,La-Liga,2025-2026,14,2025-12-04 15:13:25
12642,Yoel Lago,4,340,0,0,0,0.02443986013531685,0,1,2,0,D,Celta Vigo,0,0,0.9825319685041904,0.9580921083688736,La-Liga,2025-2026,14,2025-12-04 15:13:25
12721,Ladislav Krejcí,2,180,0,0.12153472751379013,0,0,1,0,1,0,D,Girona,0,0.12153472751379013,0.11344128288328648,0.11344128288328648,La-Liga,2025-2026,14,2025-12-04 15:13:25
12723,Alejandro Francés,6,262,0,0.030321307480335236,0,0.4215415269136429,1,2,1,1,D S,Girona,0,0.030321307480335236,1.2160725370049477,1.0389466881752014,La-Liga,2025-2026,14,2025-12-04 15:13:25
12724,Adama Boiro,3,158,0,0,0,0.08697179704904556,0,2,0,0,D S,Athletic Club,0,0,0.18991532176733017,0.14372940734028816,La-Liga,2025-2026,14,2025-12-04 15:13:25
12820,Marc Bernal,5,72,0,0.0342363603413105,1,0.5099553465843201,1,1,1,0,M S,Barcelona,0,0.0342363603413105,1.5651857256889343,1.5651857256889343,La-Liga,2025-2026,14,2025-12-04 15:13:25
12821,Gerard Martín,13,675,0,0.01650591380894184,0,0.4796037869527936,1,7,2,0,D S,Barcelona,0,0.01650591380894184,6.067731408402324,5.664532257243991,La-Liga,2025-2026,14,2025-12-04 15:13:25
12862,Luka Sucic,5,122,0,0.1559991091489792,0,0.06275323778390884,2,1,0,0,M S,Real Sociedad,0,0.1559991091489792,0.24260753393173218,0.023855186998844147,La-Liga,2025-2026,14,2025-12-04 15:13:25
12863,Pedro Díaz,12,784,0,0.5292625799775124,0,0.32591474894434214,16,9,0,0,F M S,Rayo Vallecano,0,0.5292625799775124,3.1800538040697575,2.579809660091996,La-Liga,2025-2026,14,2025-12-04 15:13:25
12864,Pelayo Fernández,1,37,0,0.05708131566643715,0,0,1,0,0,0,S,Rayo Vallecano,0,0.05708131566643715,0.08538762480020523,0.08538762480020523,La-Liga,2025-2026,14,2025-12-04 15:13:25
12883,Marc Domenech,7,198,0,0.11695468425750732,1,0.5047692880034447,3,2,0,0,M S,Mallorca,0,0.11695468425750732,0.6539514735341072,0.05123499780893326,La-Liga,2025-2026,14,2025-12-04 15:13:25
12884,Endrick,1,5,0,0,0,0,0,0,0,0,S,Real Madrid,0,0,0,0,La-Liga,2025-2026,14,2025-12-04 15:13:25
12901,Antoniu Roca,6,73,0,0.18167980015277863,0,0.016356244683265686,3,1,0,0,M S,Espanyol,0,0.18167980015277863,1.5313581824302673,1.333322137594223,La-Liga,2025-2026,14,2025-12-04 15:13:25
12914,Pau Navarro,4,333,0,0.02267860621213913,0,0,1,0,2,0,D,Villarreal,0,0.02267860621213913,0.7986978739500046,0.776019275188446,La-Liga,2025-2026,14,2025-12-04 15:13:25
12917,Luiz Júnior,11,990,0,0,0,0,0,0,3,0,GK,Villarreal,0,0,1.8885829970240593,1.8885829970240593,La-Liga,2025-2026,14,2025-12-04 15:13:25
12951,Jan Salas,2,6,0,0,0,0,0,0,0,0,S,Mallorca,0,0,0,0,La-Liga,2025-2026,14,2025-12-04 15:13:25
12995,Bojan Miovski,1,44,0,0,0,0,0,0,0,0,F,Girona,0,0,0,0,La-Liga,2025-2026,14,2025-12-04 15:13:25
13003,Santiago Mouriño,10,888,0,0.2929136585444212,1,0.08632446639239788,5,3,4,1,D,Villarreal,0,0.2929136585444212,4.449894728139043,4.373278798535466,La-Liga,2025-2026,14,2025-12-04 15:13:25
13005,Yáser Asprilla,11,470,0,0.5221827318891883,0,1.6419457159936428,13,9,0,0,F M S,Girona,0,0.5221827318891883,1.2837666841223836,0.5949766971170902,La-Liga,2025-2026,14,2025-12-04 15:13:25
13047,Coba da Costa,11,262,0,0.2343458440154791,0,0.07057417510077357,5,2,1,0,M S,Getafe,0,0.2343458440154791,0.6189727513119578,0.41800570767372847,La-Liga,2025-2026,14,2025-12-04 15:13:25
13083,Matías Moreno,10,790,0,0.3220718614757061,0,0.11636460199952126,3,2,2,0,D S,Levante,0,0.3220718614757061,2.153322469443083,2.132084522396326,La-Liga,2025-2026,14,2025-12-04 15:13:25
13110,Toni Fernández,1,48,0,0,0,0.08811617642641068,0,1,0,0,F,Barcelona,0,0,0.08811617642641068,0,La-Liga,2025-2026,14,2025-12-04 15:13:25
13198,Ramón Martínez,2,99,0,0,0,0,0,0,0,0,S,Sevilla,0,0,0.885494738817215,0.885494738817215,La-Liga,2025-2026,14,2025-12-04 15:13:25
13201,Raúl,9,506,0,0.4544397387653589,0,0.1073593720793724,7,2,1,0,D S,Real Madrid,0,0.4544397387653589,3.1162507236003876,3.013386055827141,La-Liga,2025-2026,14,2025-12-04 15:13:25
13278,Youssef Lekhedim,10,667,0,0.37956023402512074,0,0.7141874246299267,6,5,2,0,D S,Alaves,0,0.37956023402512074,2.3030078187584877,1.33113088645041,La-Liga,2025-2026,14,2025-12-04 15:13:25
13319,Facundo Garcés,6,540,0,0.13211611937731504,0,0,5,0,2,0,D,Alaves,0,0.13211611937731504,0.48143750987946987,0.4433512408286333,La-Liga,2025-2026,14,2025-12-04 15:13:25
13334,Ismael Bekhoucha,3,96,0,0,1,0.721170961856842,0,1,1,0,D S,Getafe,0,0,1.1573026180267334,0.4361315965652466,La-Liga,2025-2026,14,2025-12-04 15:13:25
13361,Jones El Abdellaoui,7,104,0,0.4904354512691498,0,0.10464539751410484,5,3,0,0,S,Celta Vigo,0,0.4904354512691498,0.9895129427313805,0.4246247038245201,La-Liga,2025-2026,14,2025-12-04 15:13:25
13374,Ángel Ortiz,3,117,0,0,0,0,0,0,0,0,D S,Real Betis,0,0,0.01007725391536951,0.01007725391536951,La-Liga,2025-2026,14,2025-12-04 15:13:25
13376,Pablo García,8,246,0,1.199953019618988,0,0.01658993773162365,9,1,1,0,M S,Real Betis,0,1.199953019618988,1.402584195137024,0.27597689628601074,La-Liga,2025-2026,14,2025-12-04 15:13:25
13380,Vitor Reis,13,1067,0,0.2717084512114525,0,0.6487448960542679,4,2,4,1,D S,Girona,0,0.2717084512114525,3.4016778245568275,3.393761821091175,La-Liga,2025-2026,14,2025-12-04 15:13:25
13420,Vladyslav Krapyvtsov,2,136,0,0,0,0,0,0,0,0,GK S,Girona,0,0,0.06566519290208817,0.06566519290208817,La-Liga,2025-2026,14,2025-12-04 15:13:25
13580,Mikel Goti,3,63,0,0.7785072475671768,0,0,3,0,0,0,M S,Real Sociedad,0,0.7785072475671768,0.17681260406970978,0,La-Liga,2025-2026,14,2025-12-04 15:13:25
13600,Andrés Castrín,6,424,0,0.13021372258663177,0,0.03327217325568199,3,1,2,0,D S,Sevilla,0,0.13021372258663177,0.9309106767177582,0.9309106767177582,La-Liga,2025-2026,14,2025-12-04 15:13:25
13646,Lander Pinillos,1,1,0,0,0,0,0,0,0,0,S,Alaves,0,0,0,0,La-Liga,2025-2026,14,2025-12-04 15:13:25
13694,Jozhua Vertrouwd,3,189,0,0.08462949842214584,0,0.07786183804273605,1,2,0,0,D S,Rayo Vallecano,0,0.08462949842214584,0.799186535179615,0.7923946306109428,La-Liga,2025-2026,14,2025-12-04 15:13:25
13695,Samu Becerra,3,9,0,0,0,0.08462949842214584,0,1,0,0,S,Rayo Vallecano,0,0,0,0,La-Liga,2025-2026,14,2025-12-04 15:13:25
13697,Oier Luengo,2,138,0,0,0,0,0,0,0,0,D,Real Oviedo,0,0,0,0,La-Liga,2025-2026,14,2025-12-04 15:13:25
13698,Rahim Alhassane,13,875,0,0,0,0.8186210412532091,0,8,0,0,D S,Real Oviedo,0,0,2.384849186986685,2.0700967125594616,La-Liga,2025-2026,14,2025-12-04 15:13:25
13699,Kwasi Sibo,7,312,0,0.06778952479362488,0,0.016459370031952858,2,1,0,0,M S,Real Oviedo,0,0.06778952479362488,0.9788720402866602,0.8946231380105019,La-Liga,2025-2026,14,2025-12-04 15:13:25
13701,Ilyas Chaira,12,699,0,1.0104827266186476,0,0.1367457238957286,13,3,0,1,F M S,Real Oviedo,0,1.0104827266186476,2.8751233890652657,1.987260915338993,La-Liga,2025-2026,14,2025-12-04 15:13:25
13702,Borja Sánchez,1,9,0,0,0,0,0,0,0,0,S,Real Oviedo,0,0,0,0,La-Liga,2025-2026,14,2025-12-04 15:13:25
13703,Marco Esteban,1,40,0,0,0,0,0,0,0,0,S,Real Oviedo,0,0,0,0,La-Liga,2025-2026,14,2025-12-04 15:13:25
13704,Omar Falah,1,9,0,0,0,0,0,0,0,0,S,Real Oviedo,0,0,0,0,La-Liga,2025-2026,14,2025-12-04 15:13:25
13748,Jofre Torrents,2,30,0,0,0,0,0,0,0,0,S,Barcelona,0,0,1.2118503153324127,1.2118503153324127,La-Liga,2025-2026,14,2025-12-04 15:13:25
13749,Dro Fernández,4,83,0,0,0,0.05164836347103119,0,2,0,0,M S,Barcelona,0,0,0.6772245950996876,0.6255762316286564,La-Liga,2025-2026,14,2025-12-04 15:13:25
13761,Filip Ugrinic,5,92,0,0,1,0.3483991026878357,0,1,0,0,S,Valencia,0,0,0.0905512347817421,0.0905512347817421,La-Liga,2025-2026,14,2025-12-04 15:13:25
13764,Calebe,9,335,0,0.05755940452218056,0,0.33006938453763723,2,7,2,0,D M S,Alaves,0,0.05755940452218056,1.901377140544355,1.5582478493452072,La-Liga,2025-2026,14,2025-12-04 15:13:25
13765,Unai Elgezabal,11,942,0,0.5529243964701891,0,0.13390958681702614,2,2,2,0,D M,Levante,0,0.5529243964701891,1.4656495973467827,1.4656495973467827,La-Liga,2025-2026,14,2025-12-04 15:13:25
13766,Jorge Cabello,4,288,0,0,0,0,0,0,0,0,D S,Levante,0,0,0.5496798120439053,0.5496798120439053,La-Liga,2025-2026,14,2025-12-04 15:13:25
13767,Roger Brugué,14,850,0,2.8458912689238787,1,0.6297723762691021,18,5,1,0,F M S,Levante,0,2.8458912689238787,5.139725066721439,2.3214142620563507,La-Liga,2025-2026,14,2025-12-04 15:13:25
13769,Carlos Espí,4,46,0,0.039759933948516846,0,0,1,0,0,0,S,Levante,0,0.039759933948516846,0.039759933948516846,0,La-Liga,2025-2026,14,2025-12-04 15:13:25
13787,Manuel Fernández,7,484,0,0.04206627048552036,0,0,2,0,1,0,D S,Celta Vigo,0,0.04206627048552036,2.420167274773121,2.37810105830431,La-Liga,2025-2026,14,2025-12-04 15:13:25
13788,Davinchi,7,416,0,0.1721816435456276,0,0.029144618660211563,3,2,1,0,D S,Getafe,0,0.1721816435456276,0.35094740986824036,0.19163089618086815,La-Liga,2025-2026,14,2025-12-04 15:13:25
13821,Urko Izeta,4,25,0,0.1404108703136444,0,0.033308375626802444,2,1,1,0,S,Athletic Club,0,0.1404108703136444,0.12233680859208107,0,La-Liga,2025-2026,14,2025-12-04 15:13:25
13823,Miguel Sierra,1,11,0,0.01979467086493969,0,0,1,0,0,0,S,Sevilla,0,0.01979467086493969,0.0499485582113266,0.03015388734638691,La-Liga,2025-2026,14,2025-12-04 15:13:25
13829,Tyrhys Dolan,14,1002,0,1.1191515251994133,2,2.051455534994602,13,15,1,0,M S,Espanyol,0,1.1191515251994133,4.176744517870247,2.4799885200336576,La-Liga,2025-2026,14,2025-12-04 15:13:25
13836,Álvaro Núñez,14,1259,0,0.03349261358380318,2,1.4410762023180723,2,13,1,0,D M,Elche,0,0.03349261358380318,5.7712392676621675,5.236409725621343,La-Liga,2025-2026,14,2025-12-04 15:13:25
13837,David Affengruber,13,1110,0,0.060333576053380966,0,0.20543239265680313,1,3,4,1,D S,Elche,0,0.060333576053380966,4.265732206404209,4.066437490284443,La-Liga,2025-2026,14,2025-12-04 15:13:25
13838,Ali Houary,2,133,0,0.05584482476115227,0,0,2,0,0,0,M,Elche,0,0.05584482476115227,0.05584482476115227,0,La-Liga,2025-2026,14,2025-12-04 15:13:25
13839,Marc Aguado,13,844,0,0.05936653912067413,0,0.026533272117376328,1,1,1,0,M S,Elche,0,0.05936653912067413,1.5526654720306396,1.5261321999132633,La-Liga,2025-2026,14,2025-12-04 15:13:25
13840,Martim Neto,11,539,0,0.3246882651001215,3,1.5104375071823597,7,8,1,0,M S,Elche,0,0.3246882651001215,2.4966998919844627,1.8600352965295315,La-Liga,2025-2026,14,2025-12-04 15:13:25
13841,Federico Redondo,4,10,0,0,0,0,0,0,0,0,S,Elche,0,0,0,0,La-Liga,2025-2026,14,2025-12-04 15:13:25
13843,Bambo Diaby,2,52,0,0,0,0,0,0,0,0,D S,Elche,0,0,0.0466320775449276,0.0466320775449276,La-Liga,2025-2026,14,2025-12-04 15:13:25
13953,Santiago Colombatto,10,709,0,0.3024878641590476,1,1.1851422730833292,5,9,3,0,M S,Real Oviedo,0,0.3024878641590476,2.3728032633662224,1.9974304884672165,La-Liga,2025-2026,14,2025-12-04 15:13:25
13954,Álex Forés,8,131,0,0.41284235566854477,0,0,5,0,0,0,F S,Real Oviedo,0,0.41284235566854477,0.3328295350074768,0,La-Liga,2025-2026,14,2025-12-04 15:13:25
13991,Jan Virgili,9,528,0,0.8453664667904377,3,2.2503680139780045,9,17,0,0,M S,Mallorca,0,0.8453664667904377,3.9726381301879883,1.4834379367530346,La-Liga,2025-2026,14,2025-12-04 15:13:25
14001,Nelson Deossa,6,164,0,0.1927009504288435,0,0.13309787958860397,5,2,1,0,M S,Real Betis,0,0.1927009504288435,0.4567694664001465,0.24727525189518929,La-Liga,2025-2026,14,2025-12-04 15:13:25
14012,Fábio Cardoso,2,135,0,0,0,0,0,0,0,0,D,Sevilla,0,0,0,0,La-Liga,2025-2026,14,2025-12-04 15:13:25
14013,Adam El Mokhtari,1,3,0,0,0,0,0,0,0,0,S,Elche,0,0,0,0,La-Liga,2025-2026,14,2025-12-04 15:13:25
14018,Lucas Ahijado,5,367,0,0.3388008251786232,1,0.8013708367943764,3,3,1,0,D S,Real Oviedo,0,0.3388008251786232,1.3727248758077621,0.9944158587604761,La-Liga,2025-2026,14,2025-12-04 15:13:25
14064,Roony Bardghji,7,157,0,0.9467628411948681,0,0.8982919603586197,9,5,0,0,M S,Barcelona,0,0.9467628411948681,2.318600073456764,1.664001453667879,La-Liga,2025-2026,14,2025-12-04 15:13:25
14086,Alex Sancris,9,474,0,0.29964051861315966,1,0.804999403655529,10,4,0,1,F M S,Getafe,0,0.29964051861315966,0.6561872269958258,0.4120737165212631,La-Liga,2025-2026,14,2025-12-04 15:13:25
14089,Lancinet Kourouma,4,14,0,0,0,0,0,0,0,0,S,Girona,0,0,0,0,La-Liga,2025-2026,14,2025-12-04 15:13:25
14116,Diego Morcillo,1,8,0,0.5672497153282166,0,0,1,0,0,0,S,Alaves,0,0.5672497153282166,0.6797209978103638,0.11247126758098602,La-Liga,2025-2026,14,2025-12-04 15:13:25
14167,Selton Sánchez,3,84,0,0.10109254717826843,0,0.06300023943185806,2,3,0,0,M S,Athletic Club,0,0.10109254717826843,0.5522357262670994,0.3881429433822632,La-Liga,2025-2026,14,2025-12-04 15:13:25
14173,Pablo Agudín,3,43,0,0.0426228204742074,0,0,2,0,0,0,S,Real Oviedo,0,0.0426228204742074,0.02994878962635994,0,La-Liga,2025-2026,14,2025-12-04 15:13:25
14208,Gorka Carrera,1,8,0,0,0,0,0,0,0,0,S,Real Sociedad,0,0,0.01859270967543125,0.01859270967543125,La-Liga,2025-2026,14,2025-12-04 15:13:25
